rel,sha256,size
.rcode/workflows/add-phase.md,c21e7de245ce357fa89a562224ba76af1380b66480e47957e7a0415fc1020897,6188
.rcode/workflows/add-tests.md,93e09bdbed09a078fef156be02271e88c2b0e4c051619340ac0e77830cf8c396,12059
.rcode/workflows/add-todo.md,dc9041a0eddba91f6109ba768b385c6c6b931c251a6ba9e9174ac7bb682f7a97,4359
.rcode/workflows/analyze-dependencies.md,f168a1876e0a979cc908d2ffc7ca90f1ac8115a2b501298d6e0173efb35440fb,4990
.rcode/workflows/audit-fix.md,cee316899e6b34d8e9ddb34303cff34b30d2b31843f3fbd02c1aef4ad61e9931,6585
.rcode/workflows/audit-milestone.md,3230e2d28d3fdbc89ddb69e780174213cb57acd6d2d6a1186dbcec6e20de73e5,4626
.rcode/workflows/audit-uat.md,31f66a9069e936957289cd37f0ef639bc5d004ab1023b3a03c8410b842b10177,2979
.rcode/workflows/audit.md,6a02005db417d2c820792b6121f920396cdb3c1516bbe3b46d121be38c078451,7834
.rcode/workflows/autonomous-smart-discuss.md,97b26f19cf5d8b9f580ae176ecee2765410122cba7e1f39f8043f3eb2ba64e71,8125
.rcode/workflows/autonomous.md,13dc91c3675feba50720f8c25ffbbfe7b5841ed96e6713943827b151f71e3bdc,35392
.rcode/workflows/brainstorm.md,0c0e161bf8ab5462af9af1bfff127dbadc9407450b71ba01122b25381a26e4dc,6883
.rcode/workflows/capture.md,07a0661aa697e5275775986c8075777d3864ec230a3d3d67231acdc4908eb57a,3289
.rcode/workflows/chain.md,401dfd155abc05620a592d2b67a119765b45e9596115a5e7b5384fa923d92ccc,6834
.rcode/workflows/check-implementation-readiness.md,0e91ce2577a856e507863a231d26af96e9bd4a5ad44cd6bcacc8ab84ef5daf9a,4770
.rcode/workflows/check-todos.md,1cfafac685355c0288ed3f8e90480a5b2e579d26faa16d69c55b330886d3de92,4578
.rcode/workflows/checkpoint-preview.md,e593fcda3148aa113746ac8cf18e06d307c1efb8660a29b94509f29ce80cf810,326
.rcode/workflows/cleanup.md,1a4558877a6b5c828f7f93a4868792fa29f07887862bbcdf79d11818591d9ff9,3404
.rcode/workflows/code-review-fix.md,c78d23faf3a9a58fec9c74d3f99979b63dfcc5af3af53a87c7eafe065a0b90a1,18648
.rcode/workflows/code-review.md,68c62f6d65937b9433ed3fa1c1042daf1cc6d3e018e1a7d04a44c902efb67200,20507
.rcode/workflows/complete-milestone.md,a738928424790923d0df34b07149c7bb36e9d8a6af0b1419e9bc09a427e3ad58,22345
.rcode/workflows/correct-course.md,07f78311a2e2ff59cbe8a4a8a2ad35238af1bcf38c68846f7f457a64115bed69,5469
.rcode/workflows/council.md,c7db70ca1122ed1c25696720088f4aeb8dad38ece0d5f96a4f7bd92a547e5756,23188
.rcode/workflows/create-architecture.md,55aa07b371580e5082302d10dcd54c58f2838f14face5dd36712fb8ceff8e41f,952
.rcode/workflows/create-epics-and-stories.md,6ae807ef72893a718b03f8ab8cd27c746616ddc036a196612b42959944551249,11138
.rcode/workflows/create-prd.md,7821f408c891082de9b80048b3958c166dc82d0f279e2500eb2250679b10b827,639
.rcode/workflows/create-story.md,f61731f4221ea178975760ac813874a9575cc0fb3ae283e4d3fa51b5f374a4d8,6317
.rcode/workflows/dashboard.md,549466144e2e2c3a5407239dac141d2887154d367224df9db1149043c3d22a7d,3873
.rcode/workflows/debug.md,791a080e55d0c5c373952fa7e0d3a8f2677e61409b881a3d3f34f49ca5f050f2,7939
.rcode/workflows/decisions.md,ee9bcd4d8ffb3b32b8221230e11c0d277b2ef5c3127856b5e8b0d715bd5cded2,4410
.rcode/workflows/dev-story.md,ffe5e635fa50b72db3c5ccf6b77c7d63f1ef250b1149a9e1ee68211cc7c097b7,11021
.rcode/workflows/diagnose-issues.md,a504d15f7990c9e9f016c56f7f7e4e6e4a23fd02f5b36b6af84197b396131e04,953
.rcode/workflows/diff.md,d2e88b5cc7768a977274554308bdc82f547cf2d34261dce73ca7c67abb80497a,2141
.rcode/workflows/discuss-phase-discuss-areas.md,7f63e8e64c9b62465fd87a6080b1810cbcf5fcccf87bdc5bb8ac19eee14c5af5,14182
.rcode/workflows/discuss-phase-power.md,c94a9b4c5a634c01a88ac8e98ab69b6432370b543a81522c0f366da17cf32404,12017
.rcode/workflows/discuss-phase.md,bf2c7da1dd42b3c95919465706ab869c10feb3b1918d72fe41228e32934c51da,39160
.rcode/workflows/discuss.md,3fb04188e17b665b2b61df7733f81ffc714d8f57c23bb7e49756591a6b383fdf,7802
.rcode/workflows/do.md,c7c4c2bc6c80e34cf5e4e929497387c28931a062d2cca73059b4f195239f0b8c,27423
.rcode/workflows/docs-update.md,cc6df4fa23b59c7bfd6470c978522334b91a5371f5efc732b05b11595fa6864a,8089
.rcode/workflows/document-project.md,05f689071abb83bd402c004b1884d0688361d46d88260cb196d9c72f9eef3375,4909
.rcode/workflows/edit-prd.md,52172f2d81edfb8a77858efb690adc342fa973c6eaa9e8e3b9665722c752a2d9,874
.rcode/workflows/enable-hooks.md,ec6f53e082ad6943d9a7872a3aab0c012a5bca298c35173513431404d69c8f98,3224
.rcode/workflows/execute-regression-gates.md,23d97dd5fdea1298e5d4dc994dc9c63a1035d98544f5bef499c9e6a9df8e5fb1,4349
.rcode/workflows/execute-sprint.md,559cc99b3dd25a8a41ec9259bae8f131ee814f05daa9ff00546e331d0d4bcae8,25199
.rcode/workflows/execute-verify-phase-goal.md,7ec00588dc9679fd7c04fb6876c9207419a27322dd5de37131863b40776d7555,3883
.rcode/workflows/execute-waves.md,1744b94d92f7925a6f86723cfd7706a9b2c946ff1b12c1cb9deb2e408c7207c4,18356
.rcode/workflows/execute.md,88219a91d70317e2169fc9928f99b31b1db7585acc847d9221af6353c591191d,42656
.rcode/workflows/explore.md,64733728a004a2009afaa400407b9339c73a04c2ed3cf771a6cfdce6ed24696a,5905
.rcode/workflows/export-to-github.md,a32397cfbabd05b84e1e27308d0e0b5c66f594c64028bed1b29ea8d74d529e11,6448
.rcode/workflows/feature-drift.md,518eac80047f6744113ec4fffc0c9177d9226520f9f3f7177795f99a8d6fa3a8,10983
.rcode/workflows/forensics.md,f7ff7435684c796a14d32590d6195ec4733a310bc9369e38740bb7a78934f61e,4941
.rcode/workflows/from-template.md,ed45a3caca9afead9c34f9307090740286dac5d120b2fc882fe87837e683b6cd,5189
.rcode/workflows/health.md,53e6df03a701fa7ad9dfdbb8e8b4d0d140e3d7cb89b98101ac086ca739a04a11,6446
.rcode/workflows/help.md,d28e0eb93e3af3c322b16f58b393a15480931bf9db3659e25f13f3fd6b7d7a33,16512
.rcode/workflows/import.md,9373299017deffa34d209f68f90eac4582d15a26930b0185e243135e9c67fccb,10504
.rcode/workflows/inbox.md,8cd0f8f47288bded2812f6f102b9f630c429b35cf83b6a12f2e29ab4b9f45668,14538
.rcode/workflows/init.md,8e141b85696599966160303ddbd10f47371ee647a1c54b407455a96111571acd,12808
.rcode/workflows/insert-phase.md,37c7b657a98cdf6a21ad1cce82b9d8ff0e166a7a58ad4a6b12e1a4631af75802,3164
.rcode/workflows/install.md,2827f8889d0366d255e12b49841a5f0a6bdf97e77d3995b97afbe1e57ac14a67,1995
.rcode/workflows/karpathy-audit.md,a8c2dc51cefc34a6a4cea4312c5849349aab6a70f2f51170517a803a9638c64e,11344
.rcode/workflows/lens-audit.md,ac4a18040f421d9b555217766b2f762c968e51e1061ed80ac514fb8fe1cb7c28,22279
.rcode/workflows/list-plans.md,66fac05da3dd87122974ba159ebca875e8f5298938f5a7f2ff9b01520418451c,5385
.rcode/workflows/list-workspaces.md,8a26310168b532db7dfd4d8530cb85246795f3e901b590991aec09502cfcafb4,2294
.rcode/workflows/map-codebase.md,965d5effe3df52e37ea75eb03512c1a1377ff12c5df835474e3801035ed9ba9b,14618
.rcode/workflows/memory-audit.md,7ae992f63611409f52318fd498657aa24409913e2cfdf51ac0f0e4681e1b90c5,5163
.rcode/workflows/memory-distill.md,2c4ab1631740911fb14c362fc8870bcbb6717b2d4e37f7ce917ab68a9a0a99b9,3335
.rcode/workflows/memory-init.md,e1915c35aa0784c74dda723171a70dc12fdaded59fb6b9b5ab2522773f7c7e58,3481
.rcode/workflows/memory-update.md,44022ad7214fe6a99b8ddb5e2a3f3651d810cb63796a800411d865b44159af9b,3063
.rcode/workflows/milestone-summary.md,5c7545ecfd53d786a9b9bb76636e761acdec640c04b5070ea0bb25d7565dedb9,4314
.rcode/workflows/new-milestone.md,8c0482e30bc08d537045d2dd91773c57cb2d6a12d7c08c29a90ff00df8dfa6ba,21898
.rcode/workflows/new-project-create-roadmap.md,da8b7b521bbf4da737088b0a28a868f67b4e6d392c08a1745d573a3f058e2a63,5361
.rcode/workflows/new-project-define-requirements.md,e793e3dc2dfc5e95b318e87e300f00f908938bdbe427cb38bbb82f963c062e3c,4288
.rcode/workflows/new-project-research-decision.md,fde18013824f40fdcd33d278bceaca1a16f62e9ca0ca7acdbdf70904061b9aef,7119
.rcode/workflows/new-project-research.md,33bab60413dffc13a817b1b4b9d67dba5749988fa506d2340e39f9201a8e5923,7843
.rcode/workflows/new-project-roadmap.md,de566056ca74bb380474d30ab73e79d1526380720b15cee5b4d913032c00e2df,13275
.rcode/workflows/new-project.md,df6bf9860b1fd89c6cc5ead9c2139e8d2ea3dbeb85e719ec2633c45880feac21,32258
.rcode/workflows/new-workspace.md,0bc5ebf7d4780f03611cabea39d3294fa7b451334f702ede6ff5fce3914420cd,3364
.rcode/workflows/next.md,8b1068050c4dfef577c5df9e7028343e54f11ec8e87dff5d69aab56c048c6e1a,4819
.rcode/workflows/note.md,a02291c13982aeb201ee36994eb85876b6a22f3ebc8d3bc3cfb0f24365b12e12,3385
.rcode/workflows/notify-test.md,a84cd5077318bee2e75e94bf7f2fdc74e16112cd2a7b351695c5e93ec6620b07,3981
.rcode/workflows/pause-work.md,d4369b027a4370b355226157ff0cf40270fc404d9230d73f539918ff23afdfbc,5668
.rcode/workflows/phase.md,da998183755bbf899eccb01bae5b5d5e504b3271b912ed872af7a4bdef182154,3843
.rcode/workflows/plan-milestone-gaps.md,182a85fdddda18eb404e093de2b7f2a0fbcb73da67a1310ae827ea4e13915682,6704
.rcode/workflows/plan-prd-express.md,7aee6ab141946e27f510dcd0167edcc80393d2e333d840e52f351d11b53156fa,3202
.rcode/workflows/plan-research-validation.md,2f6964abc0323c5e30f423c3ec13f47782621b0e0bb2178675be22cecefd3b28,12312
.rcode/workflows/plan-spawn-planner.md,b8fa0a8d8155f3c9967f909e02b65ebb9f455e75c100d0861ded2afd83fe4e29,13643
.rcode/workflows/plan.md,d5d13da3bd48d1a963a4920018cc29fa21beafd887f29c24ed287182f9f7487f,41404
.rcode/workflows/plant-seed.md,0c7d2e6afe1aa61cd7933f18d3719d3eb72f12382ef9ca05f40338324aacf417,3717
.rcode/workflows/pr-branch.md,a344928e4aaf5ef75f8e59108fde5f1aab7f40a5fd4ec1d1a355d2b1f5b2ca8d,3281
.rcode/workflows/prfaq.md,c00827be4fbd6f3419ac8fa8ea8fff4492be598d8921daf696925ac1c6f35622,358
.rcode/workflows/profile-user.md,d816b97d97590a2234a93e3b89863788ab0eb501a78c643cffdff538b93ad03c,4313
.rcode/workflows/progress.md,fc0b82c42e22d32f00386b54ab9899c83188aa9cbd817f43da4fc23e58f47082,1722
.rcode/workflows/quick.md,42d6b2a361d0c5620add8dd001b82600163450e53a61e65b709ffcfb2dee969a,8531
.rcode/workflows/remove-phase.md,cf38e805e00c27d18f8c8457895d9d5e4d6456686ec6b10f1803e5840cda2dc7,4228
.rcode/workflows/remove-workspace.md,f2eca72240936f3d52f0ba9bac7360344d4b442fb105dae86d2d913f14f9c001,3493
.rcode/workflows/replay.md,212a2d1a5f5b55c876b74f325acec39f6d9c4663c667840c9613f592c9cd6eaf,5189
.rcode/workflows/rerun.md,421fb6b17f3d2b6b8a61df018cf57a2751178c2ef8621bf847a08645f09b594c,1966
.rcode/workflows/research-phase.md,cb7d4f5aae81e522417da2d75176a79b0b7610d20012ccad44aef7dc499209bb,2396
.rcode/workflows/resume-work.md,ac9c50d30ee7f8ae34f45ddf83d965713ba3199ec04818754d891dccc5428884,10313
.rcode/workflows/retrospective.md,4a93c23f0c71b96be4893ad9c7ea120a0c12cec69075eeefc69affa8f0f25b3b,902
.rcode/workflows/review-adversarial.md,ed8a194f1f773adfc1e44d86ae5ebde025a49eb1491daecffb831254aae67e9d,5558
.rcode/workflows/review-edge-case-hunter.md,3d235f74e334a8c767a92c2511a175661eea735dfb6f1d23b6d49eed1352e2d4,5780
.rcode/workflows/review.md,ff0ba89bce10016fa2f05804940f9081db4725b482ecdd78cef7e4d31b62d8c4,8126
.rcode/workflows/scaffold-project.md,e68e54556c84f97a0be64f4fc11bda53a28c1eb62b5e23e7845ee8fd30f58e7a,932
.rcode/workflows/scan.md,4faf5c59fd3afd08f214294e84623e4bb8f732c5a58af01fde418181ef80e9a7,15160
.rcode/workflows/secure-phase.md,672bf8b1b262edba3c9d00a2f9308ffdfbae3ce7e767af9e22ebedf969d92076,6645
.rcode/workflows/session-report.md,eee546c74e49a318998a1c64b2867f75ebc65354771d4b4082aadb2de5506786,6256
.rcode/workflows/settings.md,49252608a2d17ae225603d0f3a52165cb95a43ae42722c300096853ff7f99ff8,6239
.rcode/workflows/ship.md,60deadd7da86fa24fc50faa3e9ace9583d8d708e8988369b90aeeadb402b60a8,7710
.rcode/workflows/show.md,f05ae52aa994818326a95e735483f54d6ce9f86a86e015d63b8accdade2080f1,1846
.rcode/workflows/sprint-planning.md,d72d82e84113c67d258800be1bce2242bc600913f6166b6ce74322cc0fe87a0e,6546
.rcode/workflows/sprint-status.md,9cd69da8be9e0b13c68ac0f0607f64636258b6b925751e5d9d8dabf323db7438,3618
.rcode/workflows/stats.md,2f6943c8a42c29a1a7ff1b6ca4ba5538e2017105debd0bf7297d9227dabc85bf,3547
.rcode/workflows/status.md,733bbf46867cae23ff5b8ca48dc7c3499e61254a9ed32809bc0f85fc1168762d,6636
.rcode/workflows/ui-phase.md,ea709978ad560fcc4bd07941ecb6aaec4c1f767f1bb8f59f29524ecb11129fdd,4282
.rcode/workflows/ui-review.md,ad0decd063600dc9429169f71831711538b3bbf684d753a2f54559e293ad9fe5,3954
.rcode/workflows/undo.md,5293c45c3cce264aef3f44c188866799a2899a10938e20eb0181023b381a6628,13514
.rcode/workflows/update.md,a15968a51f7bcc4dced5b2643f2c871f3a30ed638c257968c2cb29a95a5a408c,6793
.rcode/workflows/validate-phase.md,7b3e71610d4c3913d90b87282be8b0658ce81ba2d0c8badfb87b3ad2ce40ad50,5642
.rcode/workflows/validate-prd.md,be9c531f8b09bd24a836055f5a4c625d716956807800ece2c8d97e85d81ca817,889
.rcode/workflows/verify-phase.md,df7dde2121f1086a79236e81e3190ce43092d9e8ff01823db5865430959f4268,18138
.rcode/workflows/verify-work.md,0c21ee408ba69d68bbf6afd3cabe7a1f030379c4d3f978ca39fa704c13658656,21475
.rcode/workflows/why.md,d297fe646ddb267849e322267422bb421bcdf8ff6ed3fcbb794294b4b0384b80,3815
.rcode/workflows/workstream.md,a2ab2e06c85840fab4171b12fec2181d16b3dcca4c1ce0c49a248b47ebb35c24,5758
.rcode/references/REFERENCES_INDEX.md,5a72960a3c943d4f336e892141a72628e13fe9beb88860cac05dd92f87ebb48e,6845
.rcode/references/agent-contracts.md,43f7216451f6c5e3fb11dd8805359e8ac84d2151a3db779eebd82e75e02e2769,1110
.rcode/references/agent-shared-rules.md,10364cdfd1f844f108d92c3310f2cb123a102d736f8e0bca9371cbfc37e5a10b,5721
.rcode/references/assumptions-analyzer-playbook.md,d1aab052278e00d71c348bc08c55bdd62ee134a021dff2f21df788d7405a3ac7,2903
.rcode/references/auditor-shared-checklists.md,f9d4d3022d9d49bb261b33343954b13a4d267e0160f9f44b04e7cbadade712e5,4309
.rcode/references/auto-init-guard.md,7a57d8cdefb04dca71d769a766dfb64204c3f845207f5efd78e5db51868c26c7,3795
.rcode/references/brain-methods.csv,7974140a162e4a5017ccb16d17ccd1d502010e29f770fbcb1541634a12eb423d,3162
.rcode/references/checklist-architect.md,68eb7d3f2d93b1bf3b69591a4044a800da9766345114611a7a7c6122c9d710ee,5310
.rcode/references/checklist-change.md,e7e822cb8ac8d7a47de2851d52f61e8bd9d22ea6aa6dd52c1d7276ee14b0589d,5784
.rcode/references/checklist-pm.md,c35ea2259e2438db52334b9c97efb2770440d31d5b724b70ece770acbdb99aa9,5820
.rcode/references/checklist-po-master.md,e3924fb18411cdb88371e62a49102e874903351a1870479cc25c59ae529a41a4,3614
.rcode/references/checklist-story-dod.md,26d97ef287e8d9010dd8e30a678bc9d3619e4f89f688d0accc974a0a3277ba51,3113
.rcode/references/checklist-story-draft.md,5b262e6e40dc83358309335cf3fb95ce17c947fe3a27bd9223d2238c44774409,1722
.rcode/references/checkpoints-index.md,6028560249d0825e82ff7f5b8b8cf3fee9f94cbe08bb296745752dbe3190bd96,2584
.rcode/references/checkpoints.md,ecf370304b4a904bdaef8ab605cfe83930e605afbb751d196ac6de581854452a,30094
.rcode/references/code-fixer-playbook.md,6f38ee9f83c50998cb321a31e2e9e54e78b422828f882271f3b0162fb25aebee,3084
.rcode/references/code-reviewer-playbook.md,b642173ef86aa2848f765ea91b9c592f204ae877368a1bf1d8dfdcdee688c9a2,3378
.rcode/references/codebase-grounding.md,c1937e8e3ad0766ee3d0798664a4f7e2c355568f7bede8bbcc91f2171e62aac9,2936
.rcode/references/codebase-mapping-process.md,22f9db885235087d334782255ddb2872f981c76cf7d1797e05ffb3c5f162e675,7867
.rcode/references/command-redirect-format.md,cb1a1bd4a718f5296b02d5d3fa3f5afde85cd8ecf8d6395d6f8be482da32b946,2201
.rcode/references/commit-conventions.md,e039200237942c16db92e7ef16340cae154c839984cbb56a9df3d5a688829452,5590
.rcode/references/common-bug-patterns-index.md,4be91f34c41218418772726667a81d3240fe876da3d231fb718721a409399cae,2592
.rcode/references/common-bug-patterns.md,f3e6b8173103976400e7bb89dcf93fee7c875b4cd834d7ce6104c05b8655d2ba,18332
.rcode/references/context-budget.md,a7571dc368066e9095f8ad2d3f81fa0e4e718985d11e173a6751543cf366460d,3148
.rcode/references/continuation-format.md,b0afa91b7c66236e878895b5c91f6c3be1452d0fa51ef27840488d3fa391b20e,4350
.rcode/references/council-protocol.md,15b280e8723ae84e65c8a276f1d105cacaf6c02f6dd62d0ca999de342a2deb4d,4427
.rcode/references/debugger-playbook.md,6f142eec87ffb2a1d1bb3067abb657f907ca6c6c90192fba264f7ff1feb2dfe2,4572
.rcode/references/dispatch-banner.md,ac082833c1c88f931cf024c6dcc95a273af5bf2eadbc49bd8ee45e01bc5778e5,7231
.rcode/references/domain-probes.md,866d6a450fa72656dcbe60a25f561f59bd3de131b0f9bc4f5080419d1b6f484b,7743
.rcode/references/elicitation-methods.csv,c453098dd5242b53fa67b8f4ebb9c4d58eab81727b29c98edee1ad43e4c05ba8,3905
.rcode/references/execution-protocol.md,0bc83f42a21482a9b3690b490d7e7d1c70d18e4f1d6bc387f739ce591bae0ffd,5092
.rcode/references/executor-playbook.md,e8419e7cd73d9a2ff98f6d9b4751798641053d8bed8ee7656e64a4d51fc24565,5488
.rcode/references/gate-prompts.md,b6147e3b55b21b05eaecc970d9cdc36de0d9e9e43be99f04165d25b6c80d7f1b,6087
.rcode/references/gates.md,829b2a5f54c95084bcd107315fed74bcff9d0863a42a1816c84a64db3e655eb7,3467
.rcode/references/git-integration.md,d2c6f6dd3fd7939dbf37443441fb8aa88ec50a125004a7109a733acd3939ef2e,3964
.rcode/references/git-planning-commit.md,00af73acd1e85181eacaa330bc82b020cc3c7e0ddb999403771be2213e0b11a9,4675
.rcode/references/integration-verification-playbook.md,183e927f00760de3057244c32110a4239ac664e7b2eda9508e08ef7fbd43e17e,11405
.rcode/references/karpathy-guidelines-full.md,d5b4423c8beecad70cc21f4c35427fff8061122cd26dffc25df0d5a883ff431e,3988
.rcode/references/karpathy-guidelines.md,6bb4485a41da6d125ac8b9f0f4db2594837a188c1d856dbbeef378061269ff4e,874
.rcode/references/model-profile-resolution.md,f60217df9ce64924bc13aab5447f5b248b620bd70dc5014284038c646bbe0233,365
.rcode/references/model-profiles.md,4132c4abfd176b83d88bfb8af6fb918d3c87c0d252376918e4db7a1a6fe85917,3178
.rcode/references/no-unauthorized-git-ops.md,0ec087eb2da5f75c8dd947eac41cc8fe13d71a10ee0992fb25dd501d98497a20,3447
.rcode/references/output-format.md,cb67c2cf0dc978748265660f04ef36e586442c5a05270b3e5056789ff96c5aa2,13544
.rcode/references/output-realism.md,7efe552c73c0c201459b6fa4316936cdd21c54fcc5585972447f586b9be63cbb,3440
.rcode/references/persona-engineer-shared.md,4fa55af811c49849724c18459e6e9a2be0bd7d4cfc6704a5152be00a265c1566,2824
.rcode/references/phase-argument-parsing.md,67baafd100359adc67de2dddad9f9f06018f1dc786bd7778af1cdaf5ceba3807,453
.rcode/references/phase-id-conventions.md,09750ac17dce2e3645da9b71a7e672c91b71cf2f131eeb14b2250eab70f408bd,3553
.rcode/references/planner-playbook.md,f1b0b7ab9176b0366423729288b0b5d91f91c176c38eb35c819ff95536d242b8,8977
.rcode/references/project-types.yaml,8905a9190f9c46f47427c2a3250224d0a199eb4b3eeae96c527d5dc27252a66f,6852
.rcode/references/questioning.md,422ee23e453fa4147dc343988cc455782630c9bce95537328d7e79a98e59e1f7,5707
.rcode/references/remediation-planner-playbook.md,65f74e6e84eea25a0257551a502aa51cd19b6b18a75e85d5666e1957f29b04be,3554
.rcode/references/research-synthesis-playbook.md,55920f7e3e9851e73311cc901e7ae9671e0af0e3a350ab9fd14dbb965700f916,5558
.rcode/references/researcher-shared.md,6b5fcabd70683851d53e4a7d6a10007c5db92d3885eff71097a3d86e42c2b33f,4490
.rcode/references/response-style.md,5feaa58c99b4e6c41cad3de3028d16ad287653d5e7c99af3e502b37453dca1c4,3421
.rcode/references/revision-loop.md,e65b3a84a203e41c820cb5469ad51be5a631920d9741f7cf27d7be4c6b2d77bc,455
.rcode/references/roadmapper-playbook.md,8a1dfb3e143676d8cb0f8765d265afb4a36d4957677c73f468b4b2eb6272096a,3448
.rcode/references/sprint-checker-playbook.md,3d43c4628f709a6b83328e596a44e264c519dc30bdb65dbf3122c585a7d31c94,5732
.rcode/references/state-schema.md,91fb4c50b69a3ca6d0cbee784428accde5829535c6f82d8640cab39d5f619a91,9443
.rcode/references/tdd.md,edc637151a18d2521c538d91b2208ff478549ca2f2f2d4d6e64a7f2144589ed9,7682
.rcode/references/thinking-models-debug.md,b3b955e6d2a6d7b6897d9a4fd2904b6e41e8004c7ccb1ac08305ae2adb14fde5,4095
.rcode/references/thinking-models-planning.md,e9ec7b00e1ecb6c4033bac5fef98fe00a92fc161178042dc3a5a771fa0df97a6,3637
.rcode/references/ui-brand.md,2ed5cd3bc4598e48d86ed7d3c83aa5795091dc6d07db1c35a2c70e16d11f79e1,9251
.rcode/references/universal-anti-patterns.md,7f61c51f2e93d8f1c202e13616d82385334488fce49510ea1419f2827ab8bebe,589
.rcode/references/ux-designer-playbook.md,40e96953c453de57054b9793ce6ff574e94bb052b31cb9c776010d0dc9add93a,4047
.rcode/references/verb-dictionary.md,869c00ae15858faec7d9c2148f6293d48b88059c54a8a1c9a102fec316215252,12925
.rcode/references/verification-patterns-index.md,71578019535fc1a1e7c59fc450b6370ed6ae6e17fcf0487e37558ccdb46bbb21,3043
.rcode/references/verification-patterns.md,cd06da54ff98f682dcb2589bf1f0862587d607cbde22305fe38bf10069522f08,16534
.rcode/references/verifier-playbook.md,dff56b91688d651109e1cad4d1d76ab0e14708b723c0b3892c7e5db0858148c5,5309
.rcode/references/workstream-flag.md,f19707967570e489f53262b988c809f12b15b22ad1bf342529d322c30c6ecc41,4916
.rcode/bin/lib/code-references.cjs,75e1c0b68850b29f281215f025bcbd5954e18c736794c90f6eb646c56ada4b39,6890
.rcode/bin/lib/config.cjs,8613833f88836b685c8e609ec9d5117655bbf6ea3e6b22c0d9816c30ea8f9be1,4820
.rcode/bin/lib/council-panel.cjs,d3c0bfdcd03b51d6773e7b90c762ac00dac6d6046f5e67fb216fa72eb6b1bac5,23824
.rcode/bin/lib/roadmap.cjs,e2fc6b1e61521218626c514b722f2462582ba0507b8c90c7d540ca01f9ce1634,13817
.rcode/bin/lib/verify.cjs,233cb08a70eb11677db1e46b0d02869234e5ee31f738ffb42cafe526415d9492,4395
.rcode/templates/projects/api-backend/PROJECT.md,33fafa5a2551caae126afaa4bc1a984a232b1664c8155e370cfcd19564ca2dc3,1182
.rcode/templates/projects/api-backend/REQUIREMENTS.md,019cbb03f1a1a59240ad7d7ee0818c457cce3d88cd6d98ffa0f82b101df5f9b1,1677
.rcode/templates/projects/api-backend/ROADMAP.md,12b24c5dc41e191d9aaede85a731ce93e73312b248d6f50094a6bec21a7c5c73,2521
.rcode/templates/projects/api-backend/template.yaml,9c6a49e11d854cf0997135902b80247f1bdcc73cb31d2aacdd066699ec3c8399,547
.rcode/templates/projects/mobile-app/PROJECT.md,40e3dff8c1783d8f723cf540483f04ab3c250b185d744dd223215ab5ea2c105e,1221
.rcode/templates/projects/mobile-app/REQUIREMENTS.md,2b92d1ac37f7ef1c1829a714f932420c08ffd96f2e69f919f2b07be2c2a354ff,1489
.rcode/templates/projects/mobile-app/ROADMAP.md,5b1f233c93afbc4138df3c88268b659d285de730e7d727299875ddb699f06239,2716
.rcode/templates/projects/mobile-app/template.yaml,f50a27d05a5fca2181216844a8aa3dee02fae5cf8b9ab578c7cb8c3d7eae0b94,587
.rcode/templates/projects/saas-b2b/PROJECT.md,c278c662b8332c79b900cc83f9dbd25fb2363ac0a1ee5c445702810b06ba400e,1332
.rcode/templates/projects/saas-b2b/REQUIREMENTS.md,2ace83291644e85e808eb425aabd2ac2e25c73db563b86b18c703651de76a708,2024
.rcode/templates/projects/saas-b2b/ROADMAP.md,431d762f2b1756efa01397db1994ab8c424e8577b12f854df73aabbdec4ad853,2698
.rcode/templates/projects/saas-b2b/template.yaml,ddb03fb55eeb2631af43d4744fb3cec8dc1b0de3fec6b61803ed380682cedf09,593
.rcode/agents-rules/codebase-mapper/detailed-guide.md,3a061446872820f3696c5cd0693eff0713b1801805f78c6c40b3243b74e6ee2a,10485
.rcode/agents-rules/debugger/checkpoint-recovery.md,bf9f6958d292d293122bf6e9253c9312e8f749b8b1ed9ee8022c84fba84126f5,7620
.rcode/agents-rules/debugger/debug-session-state.md,b5542871ba75882d1423b7884e8a65471c9ecea2b89e6a7045f268c8ed97ae2a,6479
.rcode/agents-rules/debugger/hypothesis-templates.md,837f3bb8f6ec50dd493d6fd815f73c16fe55a9d797d37c65443fff70d9362184,8179
.rcode/agents-rules/debugger/investigation-protocol.md,5491fafab7b7d963602ad1f818c9abe0d9a69c9c432cc59589e05f11bb8392f8,7908
.rcode/agents-rules/debugger/scientific-method.md,72a3b380a5bc386438e510a66e913f1d5e91676e89085edd8292b741b193e15c,8602
.rcode/agents-rules/executor/authentication-gates.md,389edcc83eb6c66c16e562a9fbb2b674890e558025da1d471dd84213dd721401,5119
.rcode/agents-rules/executor/deviation-rules.md,825579380555065c664201bb675be80654013edbe2ed08ef67e2e2d0610505b0,5855
.rcode/agents-rules/executor/execution-flow.md,b1e0efcd7f0f3220580b54f5d3fb6ea3d0fb831e133ab55328d167dfdeae71b4,4128
.rcode/agents-rules/executor/self-check.md,c177cdd6b025536bbac10300bb568ed0d9520b68fb37fbe15b6cf0bfe60c54d7,6078
.rcode/agents-rules/executor/stub-detection.md,b0c427bbbd3474b0645f9da028536221033a1932d447669f281f068ebd8172f4,7376
.rcode/agents-rules/executor/summary-creation.md,63451b58705a146d62d11b09cf6b47ceb740bb497cab5821a724edeceaf257ea,2096
.rcode/agents-rules/executor/task-commit-protocol.md,c12d65fab0262eaae39b38b767c2b9819250b111d88d38c4de2a8253cf433c89,8184
.rcode/agents-rules/executor/tdd-flow.md,3fd84b8956bee748ab97103a368d55148cce7214bcafd025417c3f23fbf1ad02,7851
.rcode/agents-rules/phase-researcher/detailed-guide.md,5db69dbe695e9a6d6a051dd488c82d0363dd8ccbcae0daccdb4d14fa1d08d17e,22860
.rcode/agents-rules/planner/common-patterns.md,44704746609526fdd2a4c017a5b1eccd3a006db521050d74f76a7de93fc290a8,9550
.rcode/agents-rules/planner/dependency-analysis.md,073ca804fb227d95ba77e550f6c50739b5f7989f112c207934f3959c12c05a14,5728
.rcode/agents-rules/planner/goal-backward-thinking.md,b38264884b2e9ce397f7df3ed73cd0290dbe000b7223ec927c953b4c9052a3ac,6428
.rcode/agents-rules/planner/sprint-verification.md,22bf1091893dae81a7d094032a055c6b8146651c6023769086ae544f7fe1531e,5958
.rcode/agents-rules/planner/task-templates.md,9264943bba11727a8b18687bc27169298ad933b6dce5a2d9d2560ec14836b942,8806
.rcode/agents-rules/project-researcher/detailed-guide.md,f74c66df8e99f318bc9d9f166032b197552bda3f83a087f197da14d5110e520d,14695
.rcode/agents-rules/roadmapper/detailed-guide.md,835b5576b00da3a0cce3f09cd67c21522b3428b02006f2e38a946e0b22cbcade,16132
.rcode/agents-rules/sprint-checker/dimensions.md,45c99b12cadaef2290fb677f6b8def6c766792d740fefcd4ff13d0d9b999b40e,15186
.rcode/agents-rules/sprint-checker/process.md,c1f37770d357985dc98b475289f373f0c08309c3c5279c84818109debef3c150,11368
.rcode/agents-rules/verifier/anti-patterns.md,ee3a73d08653c3b34cda6fb04d38f02586f4ab895818fd52b5d7b0c545412e6a,3160
.rcode/agents-rules/verifier/artifact-verification.md,1c1dacbe9f5fb10d1ba30f11fc226b7d8d76e78dd1107d2a629956737e33a0c5,2159
.rcode/agents-rules/verifier/behavioral-spot-checks.md,35eb519024def1a43ecde7697cbe8c49f2e8e0cf7f667637adddc14658fcfb89,2031
.rcode/agents-rules/verifier/context-loading.md,27a40c7a10e7fb478dc7d57bd992965fcd98588a64af6f587a3c532dfb8125bf,2834
.rcode/agents-rules/verifier/data-flow-trace.md,f7a107af17ca5783ba4189d84d6e2e20bc2bb114e1c21d1814f901fb30416067,2345
.rcode/agents-rules/verifier/gap-output.md,194bb910d4062ff79c3213e8507de9122814309f43b7c1be8b34d9bc86c11509,1634
.rcode/agents-rules/verifier/key-links.md,79c56aa394db485f088275bd6da46851af75fe9d836f28ed873345a1531c192c,1828
.rcode/agents-rules/verifier/requirements-coverage.md,7386c29c66b82954668a52fc7558a844db7efa8b928e4694524267d881d66c85,1067
.rcode/agents-rules/verifier/verification-report.md,1ed28ba174198d00123b8f50fcfcd6f921800b25ec1e242bf30aeb750221f047,3384
.cursor/rules/rihal/agents/rihal-advisor-researcher.mdc,c4a6ef5c6aa4dc8bf84dce5e707df6c2b43889607c76bcf58af71d7075213425,3826
.cursor/rules/rihal/agents/rihal-ahmed.mdc,66aa3e15e651a035086806d0b3c32641ee00278296baac35d18724f3d6850069,394
.cursor/rules/rihal/agents/rihal-assumptions-analyzer.mdc,1ee12334d8445b7a6339f237df2cbccffd4d8f76af90447c6a87cf58ae092eef,2165
.cursor/rules/rihal/agents/rihal-code-fixer.mdc,96c3cf70d124787cbcf765a8fd3f1cf26e8286991915c914e83ff96615a6fc6a,2705
.cursor/rules/rihal/agents/rihal-code-reviewer.mdc,eb087e62808517b43f8bf4f54fbc774da306b3b75db8a851c65275f1f957d6fc,2858
.cursor/rules/rihal/agents/rihal-codebase-mapper.mdc,0a93939c0d00d8093b7440c45c42bd9cf4e8a7eb2c137be9fed82bdb5022ad82,4450
.cursor/rules/rihal/agents/rihal-cross-platform-auditor.mdc,1617d8404aede81a0b896309e52798b3d3c72fb3f06a41f848413eebb2024b1f,600
.cursor/rules/rihal/agents/rihal-debugger.mdc,62d60f3324852260081aa03b293d643c9ca6db25f23dcfffbaf76d85150c1a18,1474
.cursor/rules/rihal/agents/rihal-dep-auditor.mdc,d6721057757ad3e32008b38ed9823dadc5eaa26a481bec6912944f1c7d6bb178,584
.cursor/rules/rihal/agents/rihal-deviation-analyzer.mdc,ca8cfdfe250d4f3306c09da28b02fe6782ebde8b7d3d0c1cd8ef30aba8fedcbf,3151
.cursor/rules/rihal/agents/rihal-docs-auditor.mdc,2c46a42eca194b4b7ef21c3c95df991bd5502f637e2d02d3ed1f934522996a52,8103
.cursor/rules/rihal/agents/rihal-edge-case-hunter.mdc,8418df7f61d9463616fba40527779a36859ab0205bd1da477c4b4aa5dea40199,5269
.cursor/rules/rihal/agents/rihal-executor.mdc,aaab5eb375d5d23ba36fcbc339ff082519f10cfdd369680c5bb52577f244ec38,1028
.cursor/rules/rihal/agents/rihal-fatima.mdc,811eaba9e783a8e9cf2e2e43d43e2926eb220daca37be05eafe9a729d8fee948,827
.cursor/rules/rihal/agents/rihal-haitham.mdc,5a10af71df4a00ca3ca71ae9c620a2d8183d24f6266a1fd7af850a026fcabafa,5756
.cursor/rules/rihal/agents/rihal-hanzla.mdc,7ba5721656fec5459b6847239cc09aea3c220eb513d59dccfc513774b93cf866,737
.cursor/rules/rihal/agents/rihal-hussain-pm.mdc,f745ff9c8b8a491cbd7bdcee2ce70493ef20bc9e44590cad8496a205e14a787e,793
.cursor/rules/rihal/agents/rihal-i18n-auditor.mdc,77b914d01c27084fdf9e84f321cb16c97f8e9f904eccb3d2d0d43a9a9da107a9,697
.cursor/rules/rihal/agents/rihal-integration-checker.mdc,4fcfc577690bfa4659093c404fcd65bc5f7995e1bc9dddc774055961c0166a8c,2264
.cursor/rules/rihal/agents/rihal-khalid.mdc,9f475772306a78c16ff4d61702e3a21c8adbc5ba50f7870cc6875e0c2c2396f7,5909
.cursor/rules/rihal/agents/rihal-layla.mdc,989da1b11af0c22050a131dd683d5f89abac6d00558c619ae7228d0135d00e2e,360
.cursor/rules/rihal/agents/rihal-mariam.mdc,96caead7695212f094ae674403b36ad5ec83030cd5cd431f03cfaa2a8ea5b306,805
.cursor/rules/rihal/agents/rihal-nasser.mdc,d297f8a678539f31035bd16bbab4a2a6dc6bb57c121fc261fb4fb31e72f3555d,396
.cursor/rules/rihal/agents/rihal-noor.mdc,e968879a708c34dcf42e7182f1f0cbf2af7a9b1f49eba663bf28f7c1444c5afd,465
.cursor/rules/rihal/agents/rihal-nyquist-auditor.mdc,9eb4fe5b4cbd02bc5cbccb9954c2d67cc8f859e547641b682d568caff1abba85,5402
.cursor/rules/rihal/agents/rihal-observability-auditor.mdc,e8ca68bcd045c8bc0014556dd312f57ecc3e8b1701825f79ae99a7d8a59ddcbe,697
.cursor/rules/rihal/agents/rihal-omar.mdc,b2792bc208bb65c5218be1d04609d5565eef2494c8a137407821303296c4b81c,4484
.cursor/rules/rihal/agents/rihal-phase-researcher.mdc,15109db09151fc68d342ddab69dff8363c7e7f98ec6b13706c7108051e41d096,5060
.cursor/rules/rihal/agents/rihal-planner.mdc,16d5e5107ea89f8f7c59482d41c34a3fcdadd353df41d17b01a2df9be4fafa4f,1658
.cursor/rules/rihal/agents/rihal-profiler.mdc,c51f987dd1f4df7651c8a3198816c32b724a428df9407919ff5295b69c39ed9d,4714
.cursor/rules/rihal/agents/rihal-project-researcher.mdc,4c6e2672b8c95acf354f4deb8484cb901264b683cf593feb7e26c0ff623bdf19,4539
.cursor/rules/rihal/agents/rihal-remediation-planner.mdc,d6c2f4adac1356f16783bff4d67c73d7264f6b421e10e7dc79b1c55352b3d063,2711
.cursor/rules/rihal/agents/rihal-research-synthesizer.mdc,20094bea230d9c4be3d5762af714661e4f6a396385e7f5c9b6bff6f9befea9b0,1953
.cursor/rules/rihal/agents/rihal-roadmapper.mdc,ce01dfddd702a2c5f5a33f77445c16ddeb6009501628c1c37ba4d48c5c8a12cf,2805
.cursor/rules/rihal/agents/rihal-sadiq.mdc,c46b07633a02bc600d93f2750624959bd310b7c6972a991bb273dc2d06d527dc,830
.cursor/rules/rihal/agents/rihal-security-adversary.mdc,824b59ad823239ba28d11b736d8cdd46054d690f6a067032007ba7744ca433ff,5953
.cursor/rules/rihal/agents/rihal-security-auditor.mdc,4c67a4f3f249a8a1f6db05b4704fdcd247fc2f984fe311f1630f1918e9582d70,5196
.cursor/rules/rihal/agents/rihal-sprint-checker.mdc,b1cf217e4c09ff03bc49357a4dd578fa567d88c2036f428f81933a47df35da2c,1480
.cursor/rules/rihal/agents/rihal-ui-auditor.mdc,602c6f3964652b569d0ded8fc31442ed19911c9c156e43be7a081ae46db70af4,5248
.cursor/rules/rihal/agents/rihal-ux-designer.mdc,02e231ae3029e4664b0addb8e220bfcc9d298968ba915e2a279efa08cc28f2c5,2911
.cursor/rules/rihal/agents/rihal-verifier.mdc,cad0d40051076aa6a3940139fc51bf6d9f5ca4c8c42cc1a5090d7fd68183a287,1966
.cursor/rules/rihal/agents/rihal-waleed.mdc,53074d8876a38534997507b5ec71841109d96e07401d80447fcb3d536afccc2d,949
.cursor/rules/rihal/agents/rihal-yousef.mdc,d474bedce62a9ff2f5950962085cd0ce6aff00d60ee2b89fb043480d8567d0db,5385
.cursor/rules/rihal/agents/rihal-zahra.mdc,d0f03f6227ad72e4e142ee394c31cc869ca889daec6a6e30a88a64de0a6aa1c3,3631
.cursor/rules/rihal/agents/rihal-zayd.mdc,aa7497e09183fc70a7b727eec264fd9df67593f3754aa2dd239986c57f88d985,3187
.cursor/rules/rihal/agents/rules/codebase-mapper/detailed-guide.mdc,b54fb2375d00936daab9f86e67b9aa37cd20b7abb4e2201cc361504fcfb0eb13,10485
.cursor/rules/rihal/agents/rules/debugger/checkpoint-recovery.mdc,25ba6c6dfa4238c909c10dd9b6a3b6617cffbebb6e13a7590811eae24a19ef66,7620
.cursor/rules/rihal/agents/rules/debugger/debug-session-state.mdc,5d896d7edbdde04de101a1b518d676710fcb5d0fb58857473bcfcfeaf8ea9396,6479
.cursor/rules/rihal/agents/rules/debugger/hypothesis-templates.mdc,837f3bb8f6ec50dd493d6fd815f73c16fe55a9d797d37c65443fff70d9362184,8179
.cursor/rules/rihal/agents/rules/debugger/investigation-protocol.mdc,afbed14ff00ccb4f9c5b33e326381c2a9f975dd48509b079cb5e56a2b134d975,7908
.cursor/rules/rihal/agents/rules/debugger/scientific-method.mdc,ccfe0d6f776e9c0e741cf549694d26dfb4a168d7b7d7b2a74e74d948aaa691d2,8602
.cursor/rules/rihal/agents/rules/executor/authentication-gates.mdc,231ba563db62bb6351312a2d137302f3d5d01e54fc821fa04307a6fda132b8e3,5119
.cursor/rules/rihal/agents/rules/executor/deviation-rules.mdc,281f1b7ee92e8d80ad84f4bc9ac8a7069479fbbb7324ae3c00042b1f2f00011f,5855
.cursor/rules/rihal/agents/rules/executor/execution-flow.mdc,4830ab81d9e46b49b50d3634bcd3a8a784f25a694b0477b49fa55600c0449eec,4128
.cursor/rules/rihal/agents/rules/executor/self-check.mdc,d607222252c865b3970641553765903399d8eedcbd381438de733be008d6f9cd,6078
.cursor/rules/rihal/agents/rules/executor/stub-detection.mdc,3efbda3ebd7cfcb31f2b245628f49c064a0d47851869554f404008bd52507e01,7376
.cursor/rules/rihal/agents/rules/executor/summary-creation.mdc,6efcd5d555a1b8cb59f0b404d274d2d651b74c833c7dd0d7b9b42df1b6717131,2096
.cursor/rules/rihal/agents/rules/executor/task-commit-protocol.mdc,ae109ff99d8a08d7f761cee0e9a9f8f2677a5664ba41a984fcd6b72c9a9a1ff1,8184
.cursor/rules/rihal/agents/rules/executor/tdd-flow.mdc,4910cb896b576993273eb51c161ddca675c7cc7ff3abe1723acaadc6b3b5b2db,7851
.cursor/rules/rihal/agents/rules/phase-researcher/detailed-guide.mdc,5bd5c908a435ddb71d8f30d650de25610758e6302a3f9dfa2300d72dd6fb8e2b,22860
.cursor/rules/rihal/agents/rules/planner/common-patterns.mdc,44704746609526fdd2a4c017a5b1eccd3a006db521050d74f76a7de93fc290a8,9550
.cursor/rules/rihal/agents/rules/planner/dependency-analysis.mdc,073ca804fb227d95ba77e550f6c50739b5f7989f112c207934f3959c12c05a14,5728
.cursor/rules/rihal/agents/rules/planner/goal-backward-thinking.mdc,4f7b41274b3c26e67c4b663d7c04887a05cd3c4a5b55a4886cd39d540216b97a,6428
.cursor/rules/rihal/agents/rules/planner/sprint-verification.mdc,22bf1091893dae81a7d094032a055c6b8146651c6023769086ae544f7fe1531e,5958
.cursor/rules/rihal/agents/rules/planner/task-templates.mdc,3281d8d4a0cbe3fc84cf4ddba6154ddebcd174bf1cdddae54c234d953710b4f7,8806
.cursor/rules/rihal/agents/rules/project-researcher/detailed-guide.mdc,e3645b4129bbc4da4b77c98106e2e8c0962bebd0864ec67c48ee9fb96af5316e,14695
.cursor/rules/rihal/agents/rules/roadmapper/detailed-guide.mdc,af9d41bf0aadc78ccf72253bc3a834e888a88194b3b7fb5263b930be18262033,16132
.cursor/rules/rihal/agents/rules/sprint-checker/dimensions.mdc,88d4713795b6cf14a17bd32b0ccc63c341711ff969e7a8e901d8cebb52e56e42,15186
.cursor/rules/rihal/agents/rules/sprint-checker/process.mdc,8ce02f59c5cf5f4ab6961a15fa4ef496e56de0cab92850615760d38d71a8c594,11368
.cursor/rules/rihal/agents/rules/verifier/anti-patterns.mdc,e7d11ff20d5f94684026578ccdcb77fbe4250946299b53af74fa9496feb5da71,3160
.cursor/rules/rihal/agents/rules/verifier/artifact-verification.mdc,b711637fe24330da8252484cf90aae4bab27b9caf3ee5fe6406b0be33ef68e69,2159
.cursor/rules/rihal/agents/rules/verifier/behavioral-spot-checks.mdc,35eb519024def1a43ecde7697cbe8c49f2e8e0cf7f667637adddc14658fcfb89,2031
.cursor/rules/rihal/agents/rules/verifier/context-loading.mdc,d54f5331545898806e620c1710e591bf83ef36a485c82e63c1a93c73e46162d7,2834
.cursor/rules/rihal/agents/rules/verifier/data-flow-trace.mdc,f7a107af17ca5783ba4189d84d6e2e20bc2bb114e1c21d1814f901fb30416067,2345
.cursor/rules/rihal/agents/rules/verifier/gap-output.mdc,410f7f0a05e597e3aa32b8ddca4a6f336a18d233152b7870938a0c132323dac4,1634
.cursor/rules/rihal/agents/rules/verifier/key-links.mdc,cc73cadad04b12fb3f5b3cf27ceec2144e3b2a18da3fc602cbfb48440dfab852,1828
.cursor/rules/rihal/agents/rules/verifier/requirements-coverage.mdc,7d2c397fe1e3ca31f5bbb5b45153ff5684dc30902b39402639ab0226168d1e0e,1067
.cursor/rules/rihal/agents/rules/verifier/verification-report.mdc,05522d80032e2810ed1c48fb02b4ded1048641f8deb6b815929303050bffe2a0,3384
.cursor/rules/rihal/commands/add-phase.mdc,948d61970ac1da7bfca5500d0bf85c723e618be11648ece40c3938cdd6a31095,555
.cursor/rules/rihal/commands/add-tests.mdc,8ae1204956c08b48030e0dd6a45206d8d5ac4180293e442a2646556b22a47b35,572
.cursor/rules/rihal/commands/add-todo.mdc,a2224cbd1b7ca2511a094160361f00aea1fedab6027d28517cc9ea0ab1ca874a,175
.cursor/rules/rihal/commands/analyze-dependencies.mdc,0b056dde872e3a05e38875d70d79ec9c1a91489060ecc4ca85349e20af04da8f,229
.cursor/rules/rihal/commands/audit-fix.mdc,3c3aec58359f1442d0262dcc35226f9251ae160add84268df542ed2da4b432a0,321
.cursor/rules/rihal/commands/audit-milestone.mdc,16b658db63039c68d00ae4e8cb0eab90127d8c37c19653f0e2064786c595a6cc,261
.cursor/rules/rihal/commands/audit-uat.mdc,d7f3a3861557561c29ae7457ef4cf4d8b13cfd354f0fdfc3a190a15702a0d151,572
.cursor/rules/rihal/commands/audit.mdc,ba6c09fb4c5e1e0ed40f99217749eea4d52960a8e5edcf5f49c9f8aaac85d888,387
.cursor/rules/rihal/commands/autonomous.mdc,a9bbff9bf54ef7f5153dd8970bc29564c14c3cc4310f1ac7e84c018bc31595c5,778
.cursor/rules/rihal/commands/brainstorm.mdc,5a41709298d6fb32e198af66197dd820f317dda69858a81fa2dc1d44aa0bd226,316
.cursor/rules/rihal/commands/capture.mdc,b9ad36ea81a87cdeee950f32e81000aeef0cab13ca8f0ad4055581346a00a346,336
.cursor/rules/rihal/commands/chain.mdc,79cdf6b17a756f12ea308f8e7d21d9b29f096ee09e163d1559db48a6af9b977b,264
.cursor/rules/rihal/commands/check-todos.mdc,b391281c9ce827b711fdb06a162f45530eaf045904be090e2f180f21b6388db7,568
.cursor/rules/rihal/commands/checkpoint-preview.mdc,6ac0d7835a7306257b15b3a1b52b26fbc4708a18142583396063cc1d367bd1a0,396
.cursor/rules/rihal/commands/cleanup.mdc,f6822dbafce6dd99c3f714c5927c104ce499f38af5511233a9eb63e5b366a4c1,543
.cursor/rules/rihal/commands/code-review-fix.mdc,c6b22b80070de5abd5dc534ede34665c093b1868877c82a11c30d5886f20e56e,247
.cursor/rules/rihal/commands/code-review.mdc,44f4d3a399c75c5227e8ff13868d8c8c246c05274ffce4f113fa09bdd30fb57e,353
.cursor/rules/rihal/commands/complete-milestone.mdc,4ae382dcde5706559421b22041dbea5a826746aad0bd1bbcfde7905043fb1c0a,280
.cursor/rules/rihal/commands/config.mdc,27eb32b0c7ddf5b68c4e465cb400da6cd63e7eb4a4fcdc81dbd3874b27162cfc,295
.cursor/rules/rihal/commands/correct-course.mdc,f2a4e95c6df780b7ca63a14fef5193e3de4e21fc21815173377b32ac3d5fad2a,382
.cursor/rules/rihal/commands/council.mdc,efad4791bef2599946965a0839df354038d1584e6030e9ee6913386264049ba6,799
.cursor/rules/rihal/commands/create-epics-and-stories.mdc,82c90eac46b42ab6f6e31b8c691798b0b3175bee3649b954b25c1455bde1e99a,381
.cursor/rules/rihal/commands/create-story.mdc,0e9c4178019fb8fcaef09fcad2c6b478a9974c2c8e8c5fefc5b8bbdc347f9b0a,316
.cursor/rules/rihal/commands/dashboard.mdc,b247e70b08033c2ccb4819964a075280cbdb63deddfa376593234d299dd95595,279
.cursor/rules/rihal/commands/debug.mdc,f457934573f834e6eb1e976949532deb952e686a00ca89935aadae00f1165af0,195
.cursor/rules/rihal/commands/decisions.mdc,d2d2eaa8bb738c725b9a925b9aba09676451bd9c3afa16d599aeed3c81a4b890,289
.cursor/rules/rihal/commands/dev-story.mdc,f2043800c345d340395f9b8f2eebdb78086c109c7acb575d295b448299cae3a2,282
.cursor/rules/rihal/commands/diagnose-issues.mdc,1015566396f73f19d69c436b7e707b01a0411360c3aa8e98a83ceaaa50142c9c,622
.cursor/rules/rihal/commands/diff.mdc,905b7eff35e008432c057a27df3fe5f2af46b1e75975a9a168800850787f06ea,188
.cursor/rules/rihal/commands/discuss-phase-power.mdc,9da258605a867e6f4c7cf2dd7821acd84fe941a02ddaa8e60a8815e750b78367,682
.cursor/rules/rihal/commands/discuss-phase.mdc,0560689e5e0e11b9f83e29222fee7321d71f7f061281b6bdb31633584d4d29cd,811
.cursor/rules/rihal/commands/discuss.mdc,6245aad5736b6caf9a9b0f8b4fafc5db26009e0a069b330e3bb182ebc6964d8c,638
.cursor/rules/rihal/commands/do.mdc,bbbad52ab9797d126724d25baaf78da7b2d06839d46d1639abec6e46124e92d1,701
.cursor/rules/rihal/commands/docs-update.mdc,e77dca0bd42189af1e3fb7e15708a3d20e2faad3bf4dd594d010ee839b28b0ac,263
.cursor/rules/rihal/commands/document-project.mdc,e236f07c81f6c30c7c54caf1a0fd9525a8fd93042b97b0cec63957b797d44992,332
.cursor/rules/rihal/commands/enable-hooks.mdc,ff7207f65dc429142c4ae354f83291a1ef46131124aceb050e388702c40446bc,240
.cursor/rules/rihal/commands/execute-sprint.mdc,f271af466a41dc20edca32ba415c8d4615a2b6e7f1371b7d54fdebbaf91ea14c,295
.cursor/rules/rihal/commands/execute.mdc,92cdeb8bb861ffe162fb421aa8dfcc06d950568c0fdd76f1ce8ad2e73a36bf22,783
.cursor/rules/rihal/commands/explore.mdc,4b96918b726ad531fbc272b2e7e949cd99a3594cd1bedaeb3e0ebd5c7b10e944,246
.cursor/rules/rihal/commands/export-to-github.mdc,09c0ed5b1fa2000c412a41c4e2cbf1ee33e8b998002ed68d1241845f637cce7d,359
.cursor/rules/rihal/commands/feature-drift.mdc,0cd427f81c25d19066b16e25b471bbd9b0427ab536f2afdccce91dfc0680a20c,588
.cursor/rules/rihal/commands/forensics.mdc,4eb1201ae379476ddb818330646b74a75df2bd2247279960742d9f99063e61d8,233
.cursor/rules/rihal/commands/from-template.mdc,fe3f1daa52160aa94eedc4e420963887d1e39c836fafc00c603c13af054652dd,327
.cursor/rules/rihal/commands/health.mdc,4577c0ecc418798601bc8b9788d992bb35f3f8d2b4f389dd8b95fb09ef644ef4,224
.cursor/rules/rihal/commands/help.mdc,94cf8195793b0b1cd005c1195049ef461608a13d41bfa1b0daf56dc6815e35d8,154
.cursor/rules/rihal/commands/import.mdc,ed172281c12bf906319c5336e1bf4f205e4076a41a6e264d6657d5a66a8da90d,234
.cursor/rules/rihal/commands/inbox.mdc,232240ab639bba55d502d0c89e7fc0d95e5ed65b35925ff7330edb0c9d1d1465,258
.cursor/rules/rihal/commands/init.mdc,ffffbc7c9b25e2aa952568a61fffac07ef6207735ed13ee4e54c7a80b952e816,267
.cursor/rules/rihal/commands/insert-phase.mdc,e77537d4908a768dc7d27192d29db2c7597bb347fe1ab2f9623aa882c92a100e,287
.cursor/rules/rihal/commands/install.mdc,53a3ebe461dee9793c38e78cebff40e1a0e3f41eb0a7f5300ca3285aae0215b0,314
.cursor/rules/rihal/commands/karpathy-audit.mdc,14429d405f806d31cf3ee2cf039da409367c33fb7b59abd01e7ec9b2a39176f6,621
.cursor/rules/rihal/commands/lens-audit.mdc,3e706954e0f7bd90db58359d26d783943704f2957d3b60c8e4151a4237023e88,1901
.cursor/rules/rihal/commands/list-plans.mdc,0221aae79cbcc7b0fff61c142ad1a5ab8accb39ed3221d2e90e26d752641e010,278
.cursor/rules/rihal/commands/list-workspaces.mdc,882cdd635586bd68c2182c601990a9143d10c5a66350a632ab0de194e9fa364d,218
.cursor/rules/rihal/commands/map-codebase.mdc,cd65d381b99d4f4519da861abdd3e9a2696b02424bf02c8cf194801951da68f0,264
.cursor/rules/rihal/commands/memory-audit.mdc,2a5707ce14a6709d127b95cf359bfee34a22ceb1960e02b053c1f996a034274a,269
.cursor/rules/rihal/commands/memory-distill.mdc,c2cd8a019769110ebd0f1fc34b26e03c9a52e4f9b506b847232fec1094a382b2,292
.cursor/rules/rihal/commands/memory-init.mdc,65d0d52a21c0e1f48c04f1fea7e817872a3bc295958df3126a99f81abec4e681,270
.cursor/rules/rihal/commands/memory-update.mdc,3f216d8f996d200f60e861e12d43376be2530ee60d5743e3626fe7ba64e5669e,283
.cursor/rules/rihal/commands/milestone-summary.mdc,0dd1f13cd8b6a468be4bf23428c5b8ece034bb2b663b2b8fd94fde98f1a84e7b,277
.cursor/rules/rihal/commands/new-milestone.mdc,64f391388dc746481fb936adbc549558d16c0c9cff20ea3bb8432a461f84da4f,295
.cursor/rules/rihal/commands/new-project-research.mdc,965d6f2d5bc159c4b720dbfdfa2457533d95efd1b840b38928a513675098c0cb,651
.cursor/rules/rihal/commands/new-project-roadmap.mdc,937c97c4d8f2b2a0c40a1fc68343fc5b13ba2cbff00fabc48ecf2425020e748f,632
.cursor/rules/rihal/commands/new-project.mdc,2c18ef5d6c50ccde0018942f214cdc878841928468813537740103e43e19c9e2,284
.cursor/rules/rihal/commands/new-workspace.mdc,f547014ba43a088cb6fb7e98a2ea38ed1f74dbd43eaf76102e88f9a48313be6f,297
.cursor/rules/rihal/commands/next.mdc,cd8daa45eb6ded393068abfb68ca29803d9156bcb12f1468caf7ba5bc9f9f8c5,586
.cursor/rules/rihal/commands/note.mdc,f451561d935c7d8c7149a51d0451f87a14a78c27fb777bb3ac5fea292953853f,298
.cursor/rules/rihal/commands/notify-test.mdc,360a7ab77ab19279379afac9bddc3893446e60fadc318487bc1641a1000defb3,275
.cursor/rules/rihal/commands/pause-work.mdc,a164fc8a8928dc54fa61fc595e768e9c3d06bd3973b36c998e80147be1833922,281
.cursor/rules/rihal/commands/phase.mdc,16142025166a6b2cf5e63f25ea1c0a983313f2a1b9f2aa0bb51caf18906cf730,310
.cursor/rules/rihal/commands/plan-milestone-gaps.mdc,d544ac263873bc2d3021037510382d8c2f439e24eead00218b00139a60afd176,612
.cursor/rules/rihal/commands/plan.mdc,3ab7bf89cadd8767b982829fcd961f1a4c75427cff988d039758968cca8acec7,750
.cursor/rules/rihal/commands/plant-seed.mdc,f88f79f6f3d142d51d7ec4e32350bd153f2d34f5722c34307d18d7f2a53a23fc,539
.cursor/rules/rihal/commands/pr-branch.mdc,3e846eb582a86e22d62745139103c8ba31e5fcc479f663d2d5d3d0f993d29751,581
.cursor/rules/rihal/commands/prfaq.mdc,22224dd8a44ae70d0f37c756ea1dd6eb8334a3164c15e01fa3469c4a5e2a614b,468
.cursor/rules/rihal/commands/profile-user.mdc,ef0bf7b8958a080c22c1fb571553343708364455ad6412fff2777a323f8cd1f7,324
.cursor/rules/rihal/commands/progress.mdc,136f40548ae5bbf8a570a2849a934a8341c56fafd25cd30196e30433a07889e7,719
.cursor/rules/rihal/commands/quick.mdc,93b56d3a3b1dafe84775c969584b859b9315196e4c0fc4b32bf58cd653e1d60a,303
.cursor/rules/rihal/commands/remove-phase.mdc,65b8cd9206c3af7d743af23cfd3eb3b89460ee64de45e7e59b74ab0a0f1c605c,574
.cursor/rules/rihal/commands/remove-workspace.mdc,c5c8413451ba75183c704b4ecb9559651081aaf459fac0c76327fefe916fd1fa,260
.cursor/rules/rihal/commands/replay.mdc,8e2cbf7b7f939a42798325dbffcbf87d1dea515968a5942b7543cb2109fe7731,267
.cursor/rules/rihal/commands/rerun.mdc,a42dcd4a779e0ca88790e92b527cf3ac3ab15c43d9d3999558df0b939b53056c,229
.cursor/rules/rihal/commands/research-phase.mdc,e47e216c240aa8c913e8e80950bc93aa787772a64738f497603754191561f872,626
.cursor/rules/rihal/commands/resume-work.mdc,e5cbcb8e02ccc174ea8dba699a59eb65cfea87b7ceba654cc5693c061da4e6a8,163
.cursor/rules/rihal/commands/review.mdc,26b1a67be575725c2decb81f22e31197ecd99fa20d0a2d872e64a83862fb6d97,490
.cursor/rules/rihal/commands/scan.mdc,52201f2e9a7c96328245a7afd2ae25ec464b4284c80c9fbe0f69d5ce67b9eefe,250
.cursor/rules/rihal/commands/secure-phase.mdc,9aa94b6e2269ca24f7ab0382f92fc5b6c816cc1979dc939a4545f02b6f053d09,249
.cursor/rules/rihal/commands/session-report.mdc,4af4437f1bb504b470d494c13b926b3f0f4b5cdea6f11df3ad4955af673cbbc8,243
.cursor/rules/rihal/commands/settings.mdc,2ff89ab94ec4ec28fbf885654b79339ad5483ea807382cb23aa8f7d38e34c244,315
.cursor/rules/rihal/commands/ship.mdc,22afc3d2eb748004d8b0a28a55da39eaa50494bb9644ea6b412197017a19d276,1266
.cursor/rules/rihal/commands/show.mdc,b0aa663a2e4641e79a19105b88c219245bd15724189d165ba00e225601fa0732,170
.cursor/rules/rihal/commands/sprint-planning.mdc,1643fbc90545be693c11080149adf27a0b7bc36c16bce3d2bb5f9fb122825d78,864
.cursor/rules/rihal/commands/sprint-status.mdc,96a9432a40b3de8cd9cbe1f486079de17a4ee24dc90054b4d75baca3c9b5c14f,678
.cursor/rules/rihal/commands/stats.mdc,68fd875e45fd1b3800b8e94e2c728af914e9839c2001b8de277ff9fbd8f70e8d,215
.cursor/rules/rihal/commands/status.mdc,9c137dd5743add1f987419645cb238269e5c4ce73263617124f5f1ae6ad887e4,550
.cursor/rules/rihal/commands/ui-phase.mdc,2c3e9e644c0aba28fca14e10f11c77de1bf3ef167509621ea099a2d4922333bb,399
.cursor/rules/rihal/commands/ui-review.mdc,320414c63e398db6290827f33231afd995078fae13be5778f14d091207f2f9ec,346
.cursor/rules/rihal/commands/undo.mdc,c4329977b7fa05f15d441e5de6029608266a7689ca77b5a719b5a35ca8c18602,291
.cursor/rules/rihal/commands/update.mdc,4dfecbf4a80e23dec2f94bed647a964ebf62957bbea201e262783f52c7bbed49,229
.cursor/rules/rihal/commands/validate-phase.mdc,1d41ef96e496e941206fcdff465e2f0c1a20ad29ae06d58ea63407d380c70aed,562
.cursor/rules/rihal/commands/verify-phase.mdc,7bca3724728af5d7da2fd168e693ed401e9a0d43109c727d3493abea9f3e8a28,669
.cursor/rules/rihal/commands/verify-work.mdc,9c7874ccd5de5cef2372ffc4e70a6597d96b770b5bf351ea495cd72be4445953,689
.cursor/rules/rihal/commands/why.mdc,af2dc16c679acb696d376f4ba43b6b0b8a79ec1217c05323c7aa97152fe48c19,207
.cursor/rules/rihal/commands/workstream.mdc,c65e94c32513af0af109db618fd878f4ea200982388aa49f6b7ea492417bcce5,275
.rcode/skills/agents/SKILL.md,11ba029418011cd743216b8041b80dea3974dd246e410ec1f19fa2cfb99cdf91,11769
.rcode/skills/agents/ahmed-hassani-director/SKILL.md,86efeb37966bf75ed1edfdfde932e3a9fba938dfcb9db01e42911169478f8c1d,7104
.rcode/skills/agents/dalil-scout/SKILL.md,11ba029418011cd743216b8041b80dea3974dd246e410ec1f19fa2cfb99cdf91,11769
.rcode/skills/agents/fatima-qa/SKILL.md,e86e8e77630150b7533d4a98a6e755d6604192daecd81ac64eeea5e3399359d3,7269
.rcode/skills/agents/haitham-frontend/SKILL.md,212eb54d69390c5cecd9f1d8cd59b07874e9caf07aa93204dd40a8ac583bb65f,6984
.rcode/skills/agents/hanzla-engineer/SKILL.md,29d80b02f49fae8b40f2224dbf0fab6bfa1fb7079ed6067cb38eaafb48fa7683,7747
.rcode/skills/agents/hussain-pm/SKILL.md,61f832b4b6a061ea800ec047cd3ef428a504ca947aa41dc7b1daeb4d25bd76ce,7687
.rcode/skills/agents/layla-designer/SKILL.md,2fd676e8147ae0950727d10baa00ce6f53a4b4d2c82066393e359358c42ff4d5,5220
.rcode/skills/agents/mariam-marketing/SKILL.md,1c5f1cf0410f94e42f6b23e5e719e983cd10aca1abe45f667b6d19b90ef7ce0a,9685
.rcode/skills/agents/nasser-eng-manager/SKILL.md,ecc2629f905743731b347f74da54696d9fc44f473e4f1e3dc0e267ad9e0badc2,7068
.rcode/skills/agents/noor-writer/SKILL.md,88915ea591c2733c0b5e82b61e6c45d1967ea7679e06afb548dd0fdf12eb64d4,5902
.rcode/skills/agents/rihal-deviation-analyzer/SKILL.md,8f74acdd2482c6765a85f46553bafe537a657933581b5f50e623f3fb51e7eddc,3454
.rcode/skills/agents/sadiq-analyst/SKILL.md,d53d527ed48230b979a8038f4334ca31b36e7a9ce9eca70b756deac1b8e26863,7916
.rcode/skills/agents/waleed-architect/SKILL.md,d74281d2fa6cf7d6b44e0c1e6456c712a543e2f27cfcb01289878ed12760f31e,7730
.rcode/skills/agents/yousef-backend/SKILL.md,fa11313a399522b243e7d4563aaf6696f274a08fedab88345905d8198c6364bb,7035
.rcode/skills/agents/zahra-branding/SKILL.md,2c8890c679ae0066c0fa767273c046514a1ba284a3836bf956485c71b71727a2,9032
.rcode/skills/agents/zayd-ml/SKILL.md,6c27d91530a4972bfc54bda7bb3841cc89c97ecb1204661cee3e6e409aa7bde1,7874
.rcode/skills/rihal-browser-verify/SKILL.md,f46a2c2c25a104782b03f522b2f735b654d2e5ac81fa9ad07130d400b8613b62,3484
.rcode/skills/rihal-check-implementation-readiness/SKILL.md,c2b49ae9f6cfb24106dedc9bf12e1e58cb92d2280b0cdf187ecfcff9f7bde483,1682
.rcode/skills/rihal-check-implementation-readiness/steps/step-01-document-discovery.md,56e748671877fa3e34ffaab5c531801e7b72b6b59ee29a2f479e5f904a93d7af,4956
.rcode/skills/rihal-check-implementation-readiness/steps/step-02-prd-analysis.md,47538848da0207cc929613ee9294ec317d05404ab19d7a9af612bf757d2a5950,4461
.rcode/skills/rihal-check-implementation-readiness/steps/step-03-epic-coverage-validation.md,1935d218641b8e19af9764543ada4d04b58b2ba885a1c41a67194c8f1436d73d,4075
.rcode/skills/rihal-check-implementation-readiness/steps/step-04-ux-alignment.md,f71e5f0d77615e885ae40fdee6b04c1dd6e472c871f87b515fe869cb5f6966fb,3306
.rcode/skills/rihal-check-implementation-readiness/steps/step-05-epic-quality-review.md,d8a84e57f4e3a321734b5b5d093458ceb1e338744f18954c5a204f5ce3576185,6716
.rcode/skills/rihal-check-implementation-readiness/steps/step-06-final-assessment.md,53bd1430ccccb72606e9e1b0293f1a29b49eb31fb012cbcbbb8b3d4f9f0fb54e,3305
.rcode/skills/rihal-check-implementation-readiness/templates/readiness-report-template.md,0da97ab1e38818e642f36dc0ef24d2dae69fc6e0be59924dc2dbf44329738ff6,95
.rcode/skills/rihal-check-implementation-readiness/workflow.md,e1e1baa5c339ac51270ac5c399ed6047653372d4ff6e5c17b57cc56786766850,2823
.rcode/skills/rihal-checkpoint-preview/SKILL.md,42ac21b00f61d0f2667c18dfa153635a73dce594e2af90eb5eee3f231f198390,2555
.rcode/skills/rihal-checkpoint-preview/generate-trail.md,4a5936d86fbe5a85285b4535097b1e2edda8849da35586f4b588a982d7224459,1992
.rcode/skills/rihal-checkpoint-preview/step-01-orientation.md,d9e3b949c36d49a025f3535773af2b51888fe4ce616b6d6d69683a122716b1d2,5004
.rcode/skills/rihal-checkpoint-preview/step-02-walkthrough.md,66cf893f8f968ee81034e9ccd8c20415692c3a8c23a9a143c2245fe6c800acdc,4172
.rcode/skills/rihal-checkpoint-preview/step-03-detail-pass.md,d48163b9f305f15af57729a8443142e47beb6c3e977554afe12b39ee49cb9fc0,4990
.rcode/skills/rihal-checkpoint-preview/step-04-testing.md,28a56e868968ea2d18add0df8c4bccced0f94b698e218df3d45ddac072ce369c,2698
.rcode/skills/rihal-checkpoint-preview/step-05-wrapup.md,28044ea620e4abed95fa01c3c3996ffd6db2dd73609ea829a268410277c63670,1277
.rcode/skills/rihal-ci/SKILL.md,ec22273a155f565d205d21baf86a3d158f8fd6656de6f79baca18c853e2224e0,4536
.rcode/skills/rihal-code-review/SKILL.md,f7c2ebf1af22c7b99a6e3b5338e19d307ecbca0a366a55021580687a349966e1,1814
.rcode/skills/rihal-code-review/steps/step-01-gather-context.md,211f387c4b2172ff98c2f5c5df0fedc4127c47d85b5ec69bbcfb774d3e16fec5,5144
.rcode/skills/rihal-code-review/steps/step-02-review.md,f842a13181293010f910116cedfe0ded5d9dfa549e6357312ca1bc55b9adce3d,2748
.rcode/skills/rihal-code-review/steps/step-03-triage.md,91eaa27f6a167702ead00da9e93565c9bff79dce92c02eccbca61b1d1ed39a80,2692
.rcode/skills/rihal-code-review/steps/step-04-present.md,7c9a738036845c9fa9fcfaff3f3efd87123e75749877f334b781b25c9765f59c,6366
.rcode/skills/rihal-code-review/workflow.md,3956c114661f4862bf31f037cb4c05c4ed2b602881ae89bac982dd79a0a5471c,2084
.rcode/skills/rihal-correct-course/SKILL.md,35478254bddd67c28a242794151912bfff1a115b261504b05e896690a9e9b7dc,1515
.rcode/skills/rihal-correct-course/checklist.md,d068cfc00d8e4a6bb52172a90eb2e7a47f2441ffb32cdee15eeca220433284a3,11638
.rcode/skills/rihal-correct-course/workflow.md,489c1ad5dabb1591be21be9cb5f997d84ee32b1a898bdc8e15d1db5a662f0bca,11347
.rcode/skills/rihal-create-architecture/SKILL.md,a5705bda3684f0bb5c90b0527fb913180e719ebcc1c55952c34566c785b8f15c,1917
.rcode/skills/rihal-create-architecture/architecture-decision-template.md,5d9adf90c28df61031079280fd2e49998ec3b44fb3757c6a202cda353e172e9f,337
.rcode/skills/rihal-create-architecture/data/domain-complexity.csv,3dc34ed39f1fc79a51f7b8fc92087edb7cd85c4393a891d220f2e8dd5a101c70,2187
.rcode/skills/rihal-create-architecture/data/project-types.csv,12343635a2f11343edb1d46906981d6f5e12b9cad2f612e13b09460b5e5106e7,758
.rcode/skills/rihal-create-architecture/steps/step-01-init.md,5119205b712ebda0cd241c3daad217bb0f6fa9e6cb41d6635aec6b7fe83b838a,6584
.rcode/skills/rihal-create-architecture/steps/step-01b-continue.md,4bf216008297dcea25f8be693109cf17879c621865b302c994cdd15aa5124e5f,6232
.rcode/skills/rihal-create-architecture/steps/step-02-context.md,c837fc03950713d558d4adc8901f95726a61271f8a8218ac949928e9afe8077f,8625
.rcode/skills/rihal-create-architecture/steps/step-03-starter.md,0dafe1184cba76f98f8d944aeaaf74cadd425ebd16b1d7c59ef08a34eb9608fa,11980
.rcode/skills/rihal-create-architecture/steps/step-04-decisions.md,a0a3acdbc9f516d9c207977b0af21ae550b597e1bb7ecea004970d503bfd9234,10273
.rcode/skills/rihal-create-architecture/steps/step-05-patterns.md,a5b918b9f6e2435c86f243fb313b42a7d5f8b005b3638b73cea7e05d1833e6ed,10922
.rcode/skills/rihal-create-architecture/steps/step-06-structure.md,934f919f2ad23454a472c084b3149af5c36634cf464ea3e77268e9b6e501b939,11181
.rcode/skills/rihal-create-architecture/steps/step-07-validation.md,0fb51b48b144f55c55a78160e38369073fdb067d4ca35ac477452be5f93cc5ce,11640
.rcode/skills/rihal-create-architecture/steps/step-08-complete.md,a4ac17f9a67c4d4fb387f9b2807380fd3182098f90ee914fe69dd44686e5d23e,3134
.rcode/skills/rihal-create-architecture/workflow.md,d527b4fc2a75bdaddf31714a2825b87a93aebb2d610abe7f8d6b1f05dcd9fa63,1544
.rcode/skills/rihal-create-epics-and-stories/SKILL.md,bc87ba2f97c11c0c8972c54c551f19991263c9567e0391e2d3d4ff1a8d79018f,1945
.rcode/skills/rihal-create-epics-and-stories/steps/step-01-validate-prerequisites.md,5c2aabc871363d84fc2e12fd83a3889e9d752b6bd330e31a0067c96204dd4880,10048
.rcode/skills/rihal-create-epics-and-stories/steps/step-02-design-epics.md,c371034a3c098eba00aa25d28eaa315a7c7fabecaeca89f6933c3e05e5ed3666,7240
.rcode/skills/rihal-create-epics-and-stories/steps/step-03-create-stories.md,77781085653cc7620e88fbf461f381539793828482e561a39f215759c8dc02c5,8353
.rcode/skills/rihal-create-epics-and-stories/steps/step-04-final-validation.md,bfe596446c120491a8a006d584d986d97e20ae114443bd32108e9ef48c9e5719,5021
.rcode/skills/rihal-create-epics-and-stories/templates/epics-template.md,a804f740155156d89661fa04e7a4264a8f712c4dc227c44fd8ae804a9b0f6b72,1105
.rcode/skills/rihal-create-epics-and-stories/workflow.md,e77be2fb0247c33f2e00e3c287ddaafe3333c732acb9abecf5a13c56c31a244f,3299
.rcode/skills/rihal-create-milestone/SKILL.md,2d279625d3b50a3c7b18bec93b3ec956da880a3a96955be5ef00affa725921bb,3226
.rcode/skills/rihal-create-milestone/steps/README.md,30be1299fde7c45053435f39a5226428e7d66d27ccf9d4331822a19247c77847,1488
.rcode/skills/rihal-create-milestone/steps/step-01-init.md,0d7eb2f008a9fe934dc14d0b3b18cd5da5e8f904d19023f4fcc899dc6a6d0cef,1722
.rcode/skills/rihal-create-milestone/steps/step-02-outcomes.md,77563a3fb2adab12f3e635fda3cfa9f38095225b306f694865f6428e5670842e,2087
.rcode/skills/rihal-create-milestone/steps/step-03-sequencing.md,27b7fb225093e4cade42c7797a067d176ac0aa2f4183a52b03d1601d7fb315c7,1797
.rcode/skills/rihal-create-milestone/steps/step-04-windows.md,d19af43749e888e857d11db2cbdb51341aaccaa067fdb4d5d134a4f85a7bd255,1932
.rcode/skills/rihal-create-milestone/steps/step-05-kill-criteria.md,6e6e14292072b36d016c7a05700962690a1808866dd042ff9c1c5ea8476c147d,1727
.rcode/skills/rihal-create-milestone/steps/step-06-phase-stubs.md,30b3d5f721cb80e2104e7c80ee62f402b8f9a1f377a34c3b0e7817a6b95eead0,1840
.rcode/skills/rihal-create-milestone/steps/step-07-backlog.md,e9d7cc779d072d156916e38dc8ad14a638fde65bcf7b88f67f270db1299ee199,1440
.rcode/skills/rihal-create-milestone/steps/step-08-write-roadmap.md,1699cdef5e8a89911de93350bd03d823d0bb8820a2580ea99c78c08303d3ac22,1778
.rcode/skills/rihal-create-milestone/steps/step-09-state-sync.md,06336687739a8e09a1952ae5f2d04734b324976e9b7b56fbc1554244e6519bf7,1506
.rcode/skills/rihal-create-milestone/steps/step-10-complete.md,faf2dad33ca2e8951090561ba80b10a6a8bc3ddf4f75e5f80639495da93576b3,1519
.rcode/skills/rihal-create-milestone/workflow.md,7da659f9468d9d8af0143200dd3b2e613ad67f9b86a8305ecc6d5bdcbe66ea70,3917
.rcode/skills/rihal-create-prd/SKILL.md,ebf151516a7e0c976dc63890d3d04b584233599a09f9db1d56d470e9ad8297e9,3598
.rcode/skills/rihal-create-prd/data/domain-complexity.csv,f775f09fb4dc1b9214ca22db4a3994ce53343d976d7f6e5384949835db6d2770,7324
.rcode/skills/rihal-create-prd/data/prd-purpose.md,75b643502c2cbe98b2ec9712ad7c8bf52e13606259c98b7a6dc16e59a63a0d56,7243
.rcode/skills/rihal-create-prd/data/project-types.csv,2a6dd7e43977159be72f522dee373082411dd6a7c477da98397fd07d9a59fe2b,3138
.rcode/skills/rihal-create-prd/steps-c/step-01-init.md,922f59e960569f68bbf0d2c17ecdca74e9d9b92c6a802a5ea888e10774be7738,7785
.rcode/skills/rihal-create-prd/steps-c/step-01b-continue.md,bdc3677aa220c4822b273d9bc8579669e003cc96d49475ddb3116bdef759cf04,5751
.rcode/skills/rihal-create-prd/steps-c/step-02-discovery.md,7bf09bdbaa48bfe9528811ad98dd3f3caff8cecf40d93ae6613f2fe766bc342f,8098
.rcode/skills/rihal-create-prd/steps-c/step-02b-vision.md,37c5e9643e118004a2a090a8d06328ad1fd158acbf05db67e4b16f354fb89ae0,6777
.rcode/skills/rihal-create-prd/steps-c/step-02c-executive-summary.md,de0e482907983ac95e8adb675ad9b664d0a0692777176d937dba0f733a874f75,7252
.rcode/skills/rihal-create-prd/steps-c/step-03-success.md,43593d7af54a024daa8c4b9dbfdd6ebb2d59e8dafec14457672161632dccfd61,9191
.rcode/skills/rihal-create-prd/steps-c/step-04-journeys.md,eb1a136138f8eb65a48747e825fc9625cfb251581367239403255c2e87ad18e5,9042
.rcode/skills/rihal-create-prd/steps-c/step-05-domain.md,4c7e9b26b2ea1ae7cc1de8418892fbba40af3eadd4fe7602a9539836e58870d7,6921
.rcode/skills/rihal-create-prd/steps-c/step-06-innovation.md,d30e3ece5c95dbbfec93f94fdebb272be687607209313f0a16392d4410cb226a,8682
.rcode/skills/rihal-create-prd/steps-c/step-07-project-type.md,b51dd357c6b9c7fd59bc4754cd9b8116758a4adf19c5b544a03ac99ac767322d,8801
.rcode/skills/rihal-create-prd/steps-c/step-08-scoping.md,c94aac6251799b5e997267a9685464b39e77fbccfdbe5f9498571f68b0f6e9a3,7872
.rcode/skills/rihal-create-prd/steps-c/step-09-functional.md,7d1ab99b5ad1ce319efed116d70dfd80a6c71a4e8ff742900097318a966b3378,9201
.rcode/skills/rihal-create-prd/steps-c/step-10-nonfunctional.md,7e3c91a032cc4787b2b066a7184e4a1dc4d5a3db70c18347c24275401786fc5c,9002
.rcode/skills/rihal-create-prd/steps-c/step-11-polish.md,7917125ed1fc8ba174d4d671326e791a9723e95d718ea9735c59d80a78e4187d,9332
.rcode/skills/rihal-create-prd/steps-c/step-12-complete.md,cbff45d645ab17feba2e7863faab8d717b9455b90769becc2f29495f124920a0,4863
.rcode/skills/rihal-create-prd/templates/prd-template.md,7ccccab9c06a626b7a228783b0b9b6e4172e9ec0b10d47bbfab56958c898f837,164
.rcode/skills/rihal-create-prd/workflow.md,558d394f7424d821d5aefd79720c419528832da30f58dad9f3dcf2d939861e2c,3373
.rcode/skills/rihal-create-story/SKILL.md,c3ad1b0c775ceb343c0a018adbf9f9cfb13127ec8f9b7fcf9ee522c396080951,2107
.rcode/skills/rihal-create-story/checklist.md,b94e28e774c3be0288f04ea163424bece4ddead5cd3f3680d1603ed07383323a,14349
.rcode/skills/rihal-create-story/discover-inputs.md,dfedba6a8ea05c9a91c6d202c4b29ee3ea793d8ef77575034787ae0fef280507,3911
.rcode/skills/rihal-create-story/template.md,29ba697368d77e88e88d0e7ac78caf7a78785a7dcfc291082aa96a62948afb67,948
.rcode/skills/rihal-create-story/workflow.md,286f9cc69124e6001c263e5cbfe40c2e804e12457fd9d92a1979ca63266ec417,19924
.rcode/skills/rihal-create-ux-design/SKILL.md,baa8966b9f6d2beb32623a7e397ad6e5e825e65018f5322e76fedbe0d28fec26,1597
.rcode/skills/rihal-create-ux-design/steps/step-01-init.md,0b257533a0ce34d792f621da35325ec11cb883653e3ad546221ee1f0dee5edcd,5784
.rcode/skills/rihal-create-ux-design/steps/step-01b-continue.md,4d42c6b83eaa720975bf2206a7eea1a8c73ae922668cc2ef03d34c49ab066c19,4867
.rcode/skills/rihal-create-ux-design/steps/step-02-discovery.md,29612b16648a62f26a50f12dfa54ae391adf90edb90e9130c0db56459a5abbf8,6673
.rcode/skills/rihal-create-ux-design/steps/step-03-core-experience.md,6a80442f614e4fde0a40139158eeffbdd9730ab350b4b991ba473d4ec1bef7f6,8209
.rcode/skills/rihal-create-ux-design/steps/step-04-emotional-response.md,bd657942ed2e6288f4333539ae6bd012d27243016963ab57f2cbe25771e8ca0b,8269
.rcode/skills/rihal-create-ux-design/steps/step-05-inspiration.md,bfc480ec560b6269e29bed30896b54ba1b46d44d66ac29ec121630b0dd36d35e,8616
.rcode/skills/rihal-create-ux-design/steps/step-06-design-system.md,527f5e03f5955d9f1bc48cb2cc24e74f5c7ae6a1dce0bf1c8827f6513098a29c,8805
.rcode/skills/rihal-create-ux-design/steps/step-07-defining-experience.md,20d5ec60a7ec35b8d2d65c1ec5366c5edcc1d191536d4e941b06c17855993496,8754
.rcode/skills/rihal-create-ux-design/steps/step-08-visual-foundation.md,8d9d9d6c5059b4b05dd97fd2ea457159a7db3ad71080a92e703c384d9753a4d8,8408
.rcode/skills/rihal-create-ux-design/steps/step-09-design-directions.md,1be8777ac3e7a5d5f89cd5bd5f41d0413b042cf809915275ef82b553574223ee,8586
.rcode/skills/rihal-create-ux-design/steps/step-10-user-journeys.md,b50e884353f3a972b2529ffd4a4a5230870b7c7429091383c496cec854898f53,8353
.rcode/skills/rihal-create-ux-design/steps/step-11-component-strategy.md,c9cf1d98aafb4bb4ffe542432c9a782386305c6b4179c25ca44286ac500e9e3d,8698
.rcode/skills/rihal-create-ux-design/steps/step-12-ux-patterns.md,ec7acf3de2e1efec9f5fe6037483f04fb3b61b2ef50c56eef9590fe12d31ffb4,7967
.rcode/skills/rihal-create-ux-design/steps/step-13-responsive-accessibility.md,69b78b70f38da3996b78289c426a2ab3eb2bd5c1269408eb449031abd5635632,9065
.rcode/skills/rihal-create-ux-design/steps/step-14-complete.md,9e0895e75c8692675444ac76d23848f3f5a276d06a18ae0d8ca8e1a9d8acf969,6846
.rcode/skills/rihal-create-ux-design/ux-design-template.md,ffa4b89376cd9db6faab682710b7ce755990b1197a8b3e16b17748656d1fca6a,236
.rcode/skills/rihal-create-ux-design/workflow.md,912cd0480245951eaed0a28ed72863fe8e0a1f31831cb0a082b220bc043d89c3,1231
.rcode/skills/rihal-debug/SKILL.md,23cb37ff65d20e40fb8788b305a6af5dfa55831a86f264a3f159bbc47a41c672,4388
.rcode/skills/rihal-dev-story/SKILL.md,489c223fb9e824a8db61df1c5239062664fedebabb36389d161c30a9fc6a21c9,1781
.rcode/skills/rihal-dev-story/checklist.md,630b68c6824a8785003a65553c1f335222b17be93b1bd80524c23b38bde1d8af,4389
.rcode/skills/rihal-dev-story/workflow.md,7386e9ab7448dfed8bce5afc3de74d293a094c7982703ab2f3727a12da88b09f,23318
.rcode/skills/rihal-document-project/SKILL.md,e57d636c4c42ce6c45d58dcc2c4a5670d508e7870facae46c8f4e1e677efed4a,1498
.rcode/skills/rihal-document-project/checklist.md,581b0b034c25de17ac3678db2dbafedaeb113de37ddf15a4df6584cf2324a7d7,10101
.rcode/skills/rihal-document-project/documentation-requirements.csv,d1253b99e88250f2130516b56027ed706e643bfec3d99316727a4c6ec65c6c1d,8076
.rcode/skills/rihal-document-project/instructions.md,9f4bc3a46559ffd44289b0d61a0f8f26f829783aa1c0e2a09dfa807fa93eb12f,5164
.rcode/skills/rihal-document-project/templates/deep-dive-template.md,6198aa731d87d6a318b5b8d180fc29b9aa53ff0966e02391c17333818e94ffe9,5854
.rcode/skills/rihal-document-project/templates/index-template.md,ebd374c55063e37d7cc46474be1facdf24f48808ae240e1ef46576b8aedda872,4504
.rcode/skills/rihal-document-project/templates/project-overview-template.md,539cd87ff998a2da98e84f51e0d54d3f59b6e34a7c0b8418b2646f45002e2363,1945
.rcode/skills/rihal-document-project/templates/project-scan-report-schema.json,8466965321f1db22f5013869636199f67e0113706283c285a7ffbbf5efeea321,4836
.rcode/skills/rihal-document-project/templates/source-tree-template.md,1b4518ea6604f6a0919c8eb999c113a3178edb205664d80fbf9cb5228f5f95ed,2154
.rcode/skills/rihal-document-project/workflow.md,3bb640233ef09e558ff1d9b87d80fa119d4aba2f6fc96f85608b1dce673bed94,531
.rcode/skills/rihal-document-project/workflows/deep-dive-instructions.md,da91056a0973a040fe30c2c0be074e5805b869a9a403b960983157e876427306,11909
.rcode/skills/rihal-document-project/workflows/deep-dive-workflow.md,2a1b4d4460d9d2a0dd562a44a543f60df1fc555c0c5c131127a9dbdf564798c3,976
.rcode/skills/rihal-document-project/workflows/full-scan-instructions.md,0544abae2476945168acb0ed48dd8b3420ae173cf46194fe77d226b3b5e7d7ae,43200
.rcode/skills/rihal-document-project/workflows/full-scan-workflow.md,a2e2557b2f5428214034ab6be2e511968f9c7ef98adcc2b28d87674f62ab0951,967
.rcode/skills/rihal-domain-research/SKILL.md,1545dd2e70c330423ea4d2f3c8869a213eae6529cd4949bf1aea857a549c5069,1535
.rcode/skills/rihal-domain-research/domain-steps/step-01-init.md,efee243f13ef54401ded88f501967b8bc767460cec5561b2107fc03fe7b7eab1,5394
.rcode/skills/rihal-domain-research/domain-steps/step-02-domain-analysis.md,385a288d9bbb0adf050bcce4da4dad198a9151822f9766900404636f2b0c7f9d,8640
.rcode/skills/rihal-domain-research/domain-steps/step-03-competitive-landscape.md,f10aa088ba00c59491507f6519fb314139f8be6807958bb5fd1b66bff2267749,9525
.rcode/skills/rihal-domain-research/domain-steps/step-04-regulatory-focus.md,d22035529efe91993e698b4ebf297bf2e7593eb41d185a661c357a8afc08977b,6967
.rcode/skills/rihal-domain-research/domain-steps/step-05-technical-trends.md,fd6c577010171679f630805eb76e09daf823c2b9770eb716986d01f351ce1fb4,7506
.rcode/skills/rihal-domain-research/domain-steps/step-06-research-synthesis.md,ae7ea9eec7f763073e4e1ec7ef0dd247a2c9c8f8172c84cbcb0590986c67caa2,16973
.rcode/skills/rihal-domain-research/research.template.md,507bb6729476246b1ca2fca4693986d286a33af5529b6cd5cb1b0bb5ea9926ce,581
.rcode/skills/rihal-domain-research/workflow.md,fb18a644c608c66490e3cd51025edba1358ab5bce704a4194ef8df5983bf652c,2277
.rcode/skills/rihal-edit-prd/SKILL.md,82fd6ce9593e03b6ec0a269fc29f1ccf654832504f182a73831b2281d5ff582b,1573
.rcode/skills/rihal-edit-prd/steps-e/step-e-01-discovery.md,e0fc8657b67f828f919967c275d804d6b933cd83f9df303d537d27ef5cb85fb1,7974
.rcode/skills/rihal-edit-prd/steps-e/step-e-01b-legacy-conversion.md,7aa2b819fb872a697b2e5990c1c72a048585dd65d42eb0ab412c88acaec64f54,6592
.rcode/skills/rihal-edit-prd/steps-e/step-e-02-review.md,b67f1a10aea4a75c1eafb0b9c01cb607f0b2d4d2cbc18fc1b71b5644e4175565,7719
.rcode/skills/rihal-edit-prd/steps-e/step-e-03-edit.md,9ad2cee74ef6d541d7f54a233a96ead6ed94fdc114848a3afe6557b5c7eb0460,7351
.rcode/skills/rihal-edit-prd/steps-e/step-e-04-complete.md,ee4dc22a0b0f23510398f59cd708c5b4f07b5e53eeebff46c5a1d999e7fe7e18,5101
.rcode/skills/rihal-edit-prd/workflow.md,1a1a407375922f2e9e957932d3b7d37c2240c3a66a2fafbd33de23b6a99b3335,2878
.rcode/skills/rihal-frontend-design/SKILL.md,51c37f008c86ea6bd09e35061e488dfbb60d9c200a58b5a5e16f57050c3c90b6,5426
.rcode/skills/rihal-frontend-design/references.md,e94c3fd5b84f0d09af2ace84e8c9cfb9ce256071e9a8c609ca91462011f0018a,3898
.rcode/skills/rihal-generate-project-context/SKILL.md,1abaf9f483456ea45921e920534b2ae035f34ea62452457803bd4c225fc8a82e,1663
.rcode/skills/rihal-generate-project-context/project-context-template.md,54e351394ceceb0ac4b5b8135bb6295cf2c37f739c7fd11bb895ca16d79824a5,543
.rcode/skills/rihal-generate-project-context/steps/step-01-discover.md,8b2c8c7375f8a3c28411250675a28c0d0a9174e6c4e67b3d53619888439c4613,6016
.rcode/skills/rihal-generate-project-context/steps/step-02-generate.md,7c8d9d2d4e3910d58968015fbc85e920fe787a60cf72046ddcf644a676ca166e,9139
.rcode/skills/rihal-generate-project-context/steps/step-03-complete.md,cf8d1d1904aeddaddb043c3c365d026cd238891cd702c2b78bae032a8e08ae17,8122
.rcode/skills/rihal-generate-project-context/workflow.md,d3dcf273a7993aed11932f38eb267a90c71709b3a24f7f5529ac268b9e937703,1665
.rcode/skills/rihal-git-flow/SKILL.md,ee7687c99eca9e688bb15006c17f615f2d5c28e1e627e1fe0eb154ec579bd6d6,4318
.rcode/skills/rihal-harden/SKILL.md,3309b190ec85294fa8a797ab4646cc9d93389bb1d66da38e36eb5f1c62877333,4162
.rcode/skills/rihal-incremental/SKILL.md,5f3b9e647682241425c54fbabde782e98d37abe58bf15f42de195473a0553a33,2894
.rcode/skills/rihal-init/SKILL.md,741f0eafc32576f41bc109a8685f05095a37d2d265b867d8912faf724fd7d856,5913
.rcode/skills/rihal-init/resources/core-module.yaml,1f7d02ca42a284bc27a9941b651aa7704a09ae42d92544c1c803dbf8e982fb20,729
.rcode/skills/rihal-market-research/SKILL.md,6a576a7b5c6fb9e79cdf39b4b2277a4b003b716f436afad8096fc90df22b54ad,1450
.rcode/skills/rihal-market-research/research.template.md,507bb6729476246b1ca2fca4693986d286a33af5529b6cd5cb1b0bb5ea9926ce,581
.rcode/skills/rihal-market-research/steps/step-01-init.md,64d5501aea0c0005db23a0a4d9ee84cf4e9239f553c994ecc6b1356917967ccc,6422
.rcode/skills/rihal-market-research/steps/step-02-customer-behavior.md,bac4de244049f90d1f2eb95e2cc9389cc84966d9538077fef1ec9c35e4533849,9265
.rcode/skills/rihal-market-research/steps/step-03-customer-pain-points.md,5b2418ccaaa89291c593efed0311b3895faad1e9181800d382da823a8eb1312a,9581
.rcode/skills/rihal-market-research/steps/step-04-customer-decisions.md,f0bc25f2179b7490e7a6704159a32fc9e83ab616022355ed53acfe8e2f7059d5,10020
.rcode/skills/rihal-market-research/steps/step-05-competitive-analysis.md,17532051ad232cfc859f09ac3b44f9f4d542eb24cff8d07317126ccdff0d225a,5756
.rcode/skills/rihal-market-research/steps/step-06-research-completion.md,ce4820d4a254b1c4c5a876910e7e8912eda8df595a71438d230119ace7f2c38b,19146
.rcode/skills/rihal-market-research/workflow.md,825c91bb906dce771b606a320c1a751b11dc56b770204e012bdba77ccefcc777,2234
.rcode/skills/rihal-migrate/SKILL.md,7fcd92c47359d77d5d8bad6d3c01547062006367efa00b77b4917aacbc586882,4648
.rcode/skills/rihal-perf/SKILL.md,7cf87bdbde19996186c4d31e7717dac6bb961faf79a9ecbde748562f823da202,4465
.rcode/skills/rihal-prfaq/SKILL.md,246ef4d13b2a1162423f05945b79158773f096aad97c13150a941d24c160455d,10538
.rcode/skills/rihal-prfaq/agents/artifact-analyzer.md,7bdc44830f8d593346ec0ee15e36e1e431432fcc6c38b70bb861999315c9cfa4,2646
.rcode/skills/rihal-prfaq/agents/web-researcher.md,6e9127bb9bd3e4b15c701e4ced9eef328769262cd34eadc221bebe954c1f3aef,1756
.rcode/skills/rihal-prfaq/assets/prfaq-template.md,b27e6964f0437ab4e78c8c0ffbe5052c28e3b3ef2fc811726cbb394d5a5c7559,1434
.rcode/skills/rihal-prfaq/references/customer-faq.md,96f8565197649c58908a1d61b6cd805fd01f57da7945ba889c18d087ad597aeb,3697
.rcode/skills/rihal-prfaq/references/internal-faq.md,26eb83f844cda1ed8efb50f4703d61713ada8a64bd27eb387f759f858b5748de,3928
.rcode/skills/rihal-prfaq/references/press-release.md,c406adb0e2d2cc326cbc45d0174f89d014523448ad82bc272293999d22aec596,4308
.rcode/skills/rihal-prfaq/references/verdict.md,684806d6f38e126f08350d16909535fbe1e223d50ae337e9ad7f5076d6ee8d17,4262
.rcode/skills/rihal-prfaq/rcode-manifest.json,3da3d0a00b21c040f17bbc5d63283f23b432a92214634b211a5396ca864b2c7d,458
.rcode/skills/rihal-product-brief/SKILL.md,36c95e36c4d2bb53a44adb9ead1e788534df73a1d6d45ba04bdaa9ff71a6e17a,6653
.rcode/skills/rihal-product-brief/agents/artifact-analyzer.md,dcd8c4bb367fa48ff99c26565d164323b2ae057b09642ba7d1fda1683262be2d,2501
.rcode/skills/rihal-product-brief/agents/opportunity-reviewer.md,3b6d770c45962397bfecce5d4b001b03fc0e577aa75f7932084b56efe41edc07,1755
.rcode/skills/rihal-product-brief/agents/skeptic-reviewer.md,fc1642dff30b49032db63f6518c5b34d3932c9efefaea2681186eb963b207b97,1562
.rcode/skills/rihal-product-brief/agents/web-researcher.md,66aadb087f9bb3e7d05787c8f30237247ad3b90f241d342838e4ca95ed0d0260,1674
.rcode/skills/rihal-product-brief/prompts/contextual-discovery.md,96e1cbe24bece94e8a81b7966cb2dd470472aded69dcf906f4251db74dd72a03,2596
.rcode/skills/rihal-product-brief/prompts/draft-and-review.md,ab191df10103561a9ab7ed5c8f29a8ec4fce25e4459da8e9f3ec759f236f4976,4038
.rcode/skills/rihal-product-brief/prompts/finalize.md,ca6d125ff9b536c9e7737c7b4a308ae4ec622ee7ccdc6c4c4abc8561089295ee,3933
.rcode/skills/rihal-product-brief/prompts/guided-elicitation.md,445b7fafb5c1c35a238958d015d413c71ebb8fd3e29dc59d9d68fb581546ee54,3418
.rcode/skills/rihal-product-brief/resources/brief-template.md,d42f0ef6b154b5c314090be393febabd61de3d8de1ecf926124d40d418552b4b,2304
.rcode/skills/rihal-product-brief/rcode-manifest.json,5577b3810490ddda05d7ecb69f4172fadcb3730677cc3afd17b1c3c419b41731,497
.rcode/skills/rihal-prove-it/SKILL.md,36242b733dd12f2024c29475edfe4ec0d2cc6628d2418dfc6a1ddafe003be07f,2994
.rcode/skills/rihal-qa-generate-e2e-tests/SKILL.md,35f45ec91948bdc0ebd697bd623d5b2978eb1e1025282f2013d241847fc5fd0a,1621
.rcode/skills/rihal-qa-generate-e2e-tests/checklist.md,3b2c78ce827babb86cafdfd7bd34044bf7c8781fc450097c575c12e942a2d7b3,894
.rcode/skills/rihal-qa-generate-e2e-tests/workflow.md,42a2c8b7f9a0348f9356f1afeabf93e7c31f1ef690200cddae3aa07e2b7a221e,3422
.rcode/skills/rihal-retrospective/SKILL.md,8650b5cc73915645b2184a6bbc8f16e6e152b9290af73f4edefee8f20fe5eaf9,1483
.rcode/skills/rihal-retrospective/workflow.md,25e694c4936868b44328329b93282e7c68f447b4d32a04759e6dbec858641c82,62444
.rcode/skills/rihal-scaffold-project/SKILL.md,8ba83126e43dc7d0633e9edf5c559cc4f9f530b29d6ab4609b4397186822b1c3,3389
.rcode/skills/rihal-scaffold-project/steps/step-01-target.md,06095bacf29e89d889dda4eb7947ff228904dbc80858a990ec5185857556b5a3,967
.rcode/skills/rihal-scaffold-project/steps/step-02-safety.md,a6c7b1dd578f343a4437200727cb5a2e5fd986e74ec19fb287d32d40ff00a190,1406
.rcode/skills/rihal-scaffold-project/steps/step-03-clone.md,42cfcf85ffa14a7678f46450a8bfb8161f4690d78352bff4594c670d0b013272,1237
.rcode/skills/rihal-scaffold-project/steps/step-04-post-setup.md,36f2ddefd4c6ab3776c1d498dcfa244b3af418127b0300b0d9d456682cdef931,1390
.rcode/skills/rihal-source-truth/SKILL.md,22e00c610ee303622c45942273afeaf13acf0597ebcf487a583c12c30f877e24,3835
.rcode/skills/rihal-sprint-planning/SKILL.md,b71160d88ed2b214d2c5c60e3e15c32d4c5f5e4790b921b2f2a860e1f485dc5c,2518
.rcode/skills/rihal-sprint-planning/checklist.md,d5af99576aa3abf4b3c564570882bd7bd400b77e51bae25ace3a04ea3b621a48,1923
.rcode/skills/rihal-sprint-planning/sprint-status-template.yaml,b46a7bfb7d226f00bd064f111e527eee54ad470d177382a9a15f1a6dde21544c,1783
.rcode/skills/rihal-sprint-planning/workflow.md,a6d6fb70bd2da8fd2ed404db3c85b7784d530d4228df31dc00bf60e90cabf34d,10673
.rcode/skills/rihal-sprint-status/SKILL.md,9fcb6b6f63bad10544a45520c37552fe0b0b5626fc151b79dcd99b86d67bc414,1376
.rcode/skills/rihal-sprint-status/workflow.md,0c299169f7a521d5e27cb70e41f48759bce6328bf3ec249a198cc561f8f061b4,10011
.rcode/skills/rihal-technical-research/SKILL.md,69b3a4b5b7445a596ffd1e469b9f9b20fa31b15d64da5edde9c1047b70bd7df5,1654
.rcode/skills/rihal-technical-research/research.template.md,507bb6729476246b1ca2fca4693986d286a33af5529b6cd5cb1b0bb5ea9926ce,581
.rcode/skills/rihal-technical-research/technical-steps/step-01-init.md,c9a1627ecd26227e944375eb691e7ee6bc9f5db29a428a5d53e5d6aef8bb9697,5581
.rcode/skills/rihal-technical-research/technical-steps/step-02-technical-overview.md,9c7582241038b16280cddce86f2943216541275daf0a935dcab78f362904b305,9447
.rcode/skills/rihal-technical-research/technical-steps/step-03-integration-patterns.md,005d517a2f962e2172e26b23d10d5e6684c7736c0d3982e27b2e72d905814ad9,9995
.rcode/skills/rihal-technical-research/technical-steps/step-04-architectural-patterns.md,4636f23e9c585a7a0c90437a660609d913f16362c3557fc2e71d408d6b9f46ce,7212
.rcode/skills/rihal-technical-research/technical-steps/step-05-implementation-research.md,e2b8a2c79bcebadc85f3823145980fa47d7e7be8d1c112f686c6223c8c138608,7774
.rcode/skills/rihal-technical-research/technical-steps/step-06-research-synthesis.md,01d94ed48e86317754d1dafb328d57bd1ce8832c1f443bfd62413bbd07dcf3a1,21056
.rcode/skills/rihal-technical-research/workflow.md,0a4e4a1bd442275e0025722c632eabe1cce97889b52a484f66785fb7701f841c,2308
.rcode/skills/rihal-trim/SKILL.md,adcff31f35133217cb114bfa2cdd9cd40d13984aa6379f05be7d43692d9ed2a8,3569
.rcode/skills/rihal-validate-prd/SKILL.md,14eabc5848aaa8a6389eb7d0e9db8b9aad5d0ed9b2d5dbfeaa0644f5773d8ed9,1498
.rcode/skills/rihal-validate-prd/data/domain-complexity.csv,f775f09fb4dc1b9214ca22db4a3994ce53343d976d7f6e5384949835db6d2770,7324
.rcode/skills/rihal-validate-prd/data/prd-purpose.md,75b643502c2cbe98b2ec9712ad7c8bf52e13606259c98b7a6dc16e59a63a0d56,7243
.rcode/skills/rihal-validate-prd/data/project-types.csv,2a6dd7e43977159be72f522dee373082411dd6a7c477da98397fd07d9a59fe2b,3138
.rcode/skills/rihal-validate-prd/steps-v/step-v-01-discovery.md,cff4074b462b3f0ab82cb3d467276e74ebf3340663828587573ee9999aedb592,7181
.rcode/skills/rihal-validate-prd/steps-v/step-v-02-format-detection.md,8b0325c66f8fdebc8951c8b14f9c9348490a4d8c6242227ba3066c7c3c66da2e,6527
.rcode/skills/rihal-validate-prd/steps-v/step-v-02b-parity-check.md,c6addd13778b62cd35c599987675c4decbc3e75aa6577f5d4d00ac74cdca2004,6428
.rcode/skills/rihal-validate-prd/steps-v/step-v-03-density-validation.md,00288fe70962e29c0bbe1cb1db73c374cf3fccfcbf1916c9aab71c858a3f28fa,5756
.rcode/skills/rihal-validate-prd/steps-v/step-v-04-brief-coverage-validation.md,7b870fea072193271c9dc80966b0777cbc892a85912a273ba184f2d19fc68c47,7189
.rcode/skills/rihal-validate-prd/steps-v/step-v-05-measurability-validation.md,06a8762b225e7d77f9c1b9f5be8783bcced29623f3a3bc8dbf7ea109b531c0ae,7109
.rcode/skills/rihal-validate-prd/steps-v/step-v-06-traceability-validation.md,58b89788683540c3122f886ca7a6191866a3abb2851bd505faa3fc9ab46a73c4,7238
.rcode/skills/rihal-validate-prd/steps-v/step-v-07-implementation-leakage-validation.md,aeab46b20c6aafc4b1d369c65ccf02a1fc5f7de60cbffddf7719e2899de6fe28,7005
.rcode/skills/rihal-validate-prd/steps-v/step-v-08-domain-compliance-validation.md,1be1de3adc40ded63e3662a75532fa1b13c28596b3b49204fbda310f6fa5f0da,7691
.rcode/skills/rihal-validate-prd/steps-v/step-v-09-project-type-validation.md,fffbf78461186456a5ca72b2b9811cb391476c1d1af0301ff71b8f73198c88d1,8603
.rcode/skills/rihal-validate-prd/steps-v/step-v-10-smart-validation.md,81bf3fbe84054b51cb36b673a3877c65c9b790acd502a9a8a01f76899f5f4f4c,6785
.rcode/skills/rihal-validate-prd/steps-v/step-v-11-holistic-quality-validation.md,0e4ee3b4b33fa30f0389c5bad61ef2c9949f03b26ac22763b31e9b37551fb2ea,8745
.rcode/skills/rihal-validate-prd/steps-v/step-v-12-completeness-validation.md,20371cf379d396292dd63ad721fe48258853048e10cd9ecb8998791194fe4236,8233
.rcode/skills/rihal-validate-prd/steps-v/step-v-13-report-complete.md,e2fe28e4195f5a43bf1df4f1045e39ce2986576c6fad6c37f00b3327e5531ed5,8136
.rcode/skills/rihal-validate-prd/workflow.md,5f925a7b0ca121ccf1ac0255a2072293f366e4fc7970f671d77c076232946a0d,2917
